pm25,co,dew,humidity,no2,o3,pm10,pressure,so2,temperature,wind-gust,wind-speed,year_month,Date
30,7.6,4.5,76,12,14.9,11,1033,0.9,9,6.2,2.5,Jan-19,01/01/2019
33,10,1,75,16.5,14.2,14,1041.4,0.6,5.5,5.1,2.2,Jan-19,02/01/2019
42,10.6,1,74.4,21.3,10.7,15,1041.6,0.7,5,2.9,1.2,Jan-19,03/01/2019
72,11.8,1,76,25.2,4.3,28,1041,1.3,3.3,3.1,1.5,Jan-19,04/01/2019
63,10.4,1,76.6,20.6,8.4,22,1037.6,1.1,5,5.6,2.8,Jan-19,05/01/2019
59,10,4,78,22.9,4.8,22,1035.4,1.7,8.8,3.8,1.6,Jan-19,06/01/2019
44,9.4,7,80.2,19.2,7.7,17,1029,2.3,10,7.4,2.6,Jan-19,07/01/2019
38,8.7,2,69.7,18,12.5,17,1026.1,1.1,8,10.6,4.5,Jan-19,08/01/2019
34,10,1,75,18.3,12,14,1029.2,1.4,4.4,8.5,3.3,Jan-19,09/01/2019
76,11.6,3,87,29.6,1.8,29,1029.5,3.2,5,3,1.7,Jan-19,10/01/2019
59,8.2,5,80,25.5,4,19,1029.2,2.1,7.7,5,2.2,Jan-19,11/01/2019
29,8.2,5.5,76,17,10.2,10,1022.1,2.6,9.8,7.8,2.7,Jan-19,12/01/2019
22,7,7,67.6,9.9,16.3,8,1013.7,2.1,11.1,11.7,6.4,Jan-19,13/01/2019
35,7.5,3,69.5,21.5,10.9,14,1021,1.7,8.5,8,3.3,Jan-19,14/01/2019
31,10.2,5,76,20.5,7.8,12,1019,2.9,8.8,6.1,2.8,Jan-19,15/01/2019
26,8.2,6,84,16.1,11.1,9,1003.8,3.4,9,7.8,3.7,Jan-19,16/01/2019
34,9.1,3,69.6,20.7,9.2,12,1012.9,1.6,4.5,9.2,4.4,Jan-19,17/01/2019
51,12.7,,81,27.8,4.3,20,1017.1,3.3,2.9,5.2,3,Jan-19,18/01/2019
52,10.6,2,80.4,17.7,8.8,19,1010,2.3,4.1,7.2,3.8,Jan-19,19/01/2019
76,11.8,,78,24.2,2.5,27,1018.1,1.7,2.2,2.8,1.2,Jan-19,20/01/2019
93,13.7,1,81,28,2.3,37,1023.2,4,4.1,4,1.7,Jan-19,21/01/2019
34,10.9,1,84.5,27.1,8,12,1003,3.3,5,4.7,2.1,Jan-19,22/01/2019
53,10,,86,23.1,10.1,15,1005,2.1,2,3.6,3,Jan-19,23/01/2019
80,15.2,2,88.2,34.5,1.6,29,1011,5.5,3.6,1.9,1.2,Jan-19,24/01/2019
57,10,6,88,26.3,2.1,20,1013.5,5,8.3,4.5,1.5,Jan-19,25/01/2019
22,8.3,6,87,12.6,12.4,10,1003.7,4.1,8.3,8.5,2.9,Jan-19,26/01/2019
25,8.2,2,74.3,8.5,18.3,11,992.7,2.6,6.1,14.9,7.1,Jan-19,27/01/2019
28,10.6,,69,20,11.5,13,1006.8,1.2,3.2,9.5,4.3,Jan-19,28/01/2019
41,12.7,1.5,77.9,27.2,5.7,16,998.3,2.9,3.3,4.5,1.9,Jan-19,29/01/2019
42,11.8,,84.3,30.2,4.8,16,995.3,2.6,1.6,3.6,1.6,Jan-19,30/01/2019
63,12.8,,85.4,28.4,5.3,25,991.9,4,1.3,9,3.4,Jan-19,31/01/2019
47,9.1,1,92,16.4,11.5,13,987.6,1.1,1.7,9,3,Feb-19,01/02/2019
48,9.5,0.5,78.7,12.4,15.2,14,1007,0.7,2.7,11.3,4.6,Feb-19,02/02/2019
40,12.7,3,78.1,19.3,7.8,15,1023.6,2.6,4.4,4.4,2,Feb-19,03/02/2019
29,8.7,7,86.6,17.7,12.2,11,1018.4,2.8,8,8.4,3.3,Feb-19,04/02/2019
45,9.5,6,87,19.9,4.7,13,1023.4,3.1,7.7,7,2.8,Feb-19,05/02/2019
35,9.2,8,87,20.9,8,13,1018.1,3.2,10,4.1,2.1,Feb-19,06/02/2019
25,10.9,3,70,12,18.5,11,1006.7,3.1,8.7,12.8,4.8,Feb-19,07/02/2019
24,9.1,7.5,81.5,8.8,22,10,998.7,2.6,10.5,13.1,6.2,Feb-19,08/02/2019
29,10.6,2,65,8.8,21.5,13,1001,2.6,9.4,12.7,5,Feb-19,09/02/2019
20,9.1,3,75.5,13.7,15.3,6,996.5,2,6.6,8,2.8,Feb-19,10/02/2019
34,10,1.5,70,24.8,9.3,12,1025.3,1.6,7.2,4,1.6,Feb-19,11/02/2019
46,11.6,5,81,25.2,6.1,17,1033,2.6,7.9,4.6,2,Feb-19,12/02/2019
55,9.5,4.5,82.8,21.5,8,21,1033.1,2.6,7.9,4.5,2,Feb-19,13/02/2019
76,11.8,3.5,80.5,30.1,3.3,31,1032.4,2.5,6.5,3.2,1.5,Feb-19,14/02/2019
89,12.7,2.5,71,30.9,3.4,37,1027.8,3.3,8.1,3,1.3,Feb-19,15/02/2019
70,9.1,8,86.5,22.8,7.4,30,1022.6,2.5,10.6,3.1,1.8,Feb-19,16/02/2019
63,9.1,6,82,17.8,10.8,28,1015.7,2.5,10.8,6,2.1,Feb-19,17/02/2019
40,8.9,7,86,19.1,14.2,17,1015.4,2.7,9,4.5,1.7,Feb-19,18/02/2019
34,9.3,3.5,69,17.9,15.2,16,1019,2.4,8.6,5.4,2.1,Feb-19,19/02/2019
42,9.2,5.5,71.1,15.8,15.5,17,1020,2.6,10,6.3,2.7,Feb-19,20/02/2019
55,9.1,8,82.3,19.2,12.2,21,1026.5,2.7,10,4.6,1.6,Feb-19,21/02/2019
72,10,7,91,26.8,3.4,30,1035,3.8,7.6,3,1.3,Feb-19,22/02/2019
86,9.1,7,81.8,21.2,2.3,33,1034,3.5,8.6,3,1.7,Feb-19,23/02/2019
99,11.8,4,79.2,28,1.8,39,1036,3.2,8,2.5,1.5,Feb-19,24/02/2019
107,12.9,3,63,37.8,1.7,46,1036.5,4.5,8.8,3.3,1.5,Feb-19,25/02/2019
112,13.4,5,60.8,42.4,1.7,52,1033.1,5.3,10,2.3,1.5,Feb-19,26/02/2019
124,12.7,5,66.6,40.3,2,53,1025.5,5,11.1,1.6,1.2,Feb-19,27/02/2019
53,8.9,8,81,23.6,8.7,23,1015.5,3.2,11.6,6.5,2.5,Feb-19,28/02/2019
68,4.8,7.5,87,21.5,8.7,28,1018,1.3,9.4,4.5,1.8,Mar-19,01/03/2019
34,3.6,8,71,10.8,16.9,16,1009.1,1.4,12,9.4,3.9,Mar-19,02/03/2019
21,3.5,9,79,6.4,23.4,9,999.7,1.5,12.2,12.2,5.1,Mar-19,03/03/2019
21,3.2,2.5,72.3,12,17.8,9,996,1.7,8.3,10,4,Mar-19,04/03/2019
24,2.8,2,66,12.5,20.4,12,1003,1.4,10,7.5,3.1,Mar-19,05/03/2019
31,6.4,7.5,76,9.1,20.9,14,989,1.5,12,11.5,5,Mar-19,06/03/2019
18,10,3.5,72.5,8.3,21.1,9,990.5,2.9,8.8,12.1,5.2,Mar-19,07/03/2019
25,9.6,4,71.4,12.3,10.9,11,1009.7,1.5,9,7.5,2.8,Mar-19,08/03/2019
38,,3.5,62,8.7,25.3,19,1011.1,1.5,9.4,10,3.3,Mar-19,09/03/2019
20,2.4,2,72.7,9.3,24.9,7,1010.2,1.3,7.5,14.2,5.7,Mar-19,10/03/2019
23,10.6,-1,58.5,11.7,20.5,11,1023.4,1.5,8.3,12.5,4.5,Mar-19,11/03/2019
18,7.9,6,78.5,9.8,23.6,8,1003.6,1.4,8,13.4,5.6,Mar-19,12/03/2019
28,9.5,2,62,9.8,20.2,14,1008,1.4,8.8,14.4,5.3,Mar-19,13/03/2019
34,8.1,5,67.3,13.2,21.1,13,1005.6,1.8,10.6,12.8,5,Mar-19,14/03/2019
18,7.3,9,75.6,8.7,14.6,7,1007.8,1.7,11.6,11.7,3.6,Mar-19,15/03/2019
22,7.2,7,81,5.3,21.2,10,1002.9,1.4,11.1,15.1,5.8,Mar-19,16/03/2019
18,9,2,76.3,9.8,17.1,6,1006,1.3,7.2,14.5,5.6,Mar-19,17/03/2019
33,9.9,2.5,72.7,21.7,10.2,14,1021,1.7,8.3,10,3.6,Mar-19,18/03/2019
50,10,7,83.8,21.5,5.3,17,1027.5,1.8,10.4,3.7,2.2,Mar-19,19/03/2019
39,9.1,7.5,79,16.5,11.2,14,1032.7,1.6,11.5,4.4,2.1,Mar-19,20/03/2019
42,9,8,75.5,19.6,7.8,16,1032.7,1.9,13,4,2,Mar-19,21/03/2019
51,10,7,80,17.3,9.7,17,1028.7,1.8,10.5,9.1,2.8,Mar-19,22/03/2019
49,9.1,3.5,70,16.7,12.4,18,1032,1.9,10,6.5,2.5,Mar-19,23/03/2019
45,10,1,61,18.1,15,18,1030.5,1.2,9.2,5.5,1.8,Mar-19,24/03/2019
34,10,1.5,55.1,13.6,21.6,16,1032.8,1.1,9,7.6,2,Mar-19,25/03/2019
55,10.9,2,67.7,27.7,6.4,25,1034,1.7,8.5,3.3,2,Mar-19,26/03/2019
43,10,3,61,24.7,13.4,19,1035.4,1.7,10,2.5,1.5,Mar-19,27/03/2019
59,10.9,3,60,26.2,10.2,25,1035.9,2,10.8,3,1.2,Mar-19,28/03/2019
76,12.2,4,66.8,29.6,5.6,35,1030.2,3.3,11.5,2.5,1.5,Mar-19,29/03/2019
102,10.7,6,64,26.1,10.9,46,1021.2,3.3,13.5,2.5,1.2,Mar-19,30/03/2019
34,8.3,3.5,68.8,9.3,24.2,19,1025.6,0.8,9.8,8,3.3,Mar-19,31/03/2019
39,10,3,71.2,15.9,17.5,20,1021.5,2,8.5,7.4,3.3,Apr-19,01/04/2019
44,11.6,4,84.1,22.9,8.1,18,1003.7,4.4,7,4,2,Apr-19,02/04/2019
46,11.6,2,72.5,22.4,10.7,15,999,2.9,5.5,1.8,1.8,Apr-19,03/04/2019
28,10.9,2,68,14.1,19.3,11,995.3,2.5,8,10,4.1,Apr-19,04/04/2019
35,10.6,2.5,59,14.2,20.1,15,1003,2.1,10.5,8.6,5,Apr-19,05/04/2019
52,7.3,6,78.5,11.7,20.6,18,1005.6,0.4,9,5.6,3.8,Apr-19,06/04/2019
108,7.3,7.5,90,11.2,12.2,40,1008.7,0.6,9.4,3,2,Apr-19,07/04/2019
109,8.2,8,82.1,24.9,9,42,1011,1.5,10.5,1.5,1.5,Apr-19,08/04/2019
74,6.5,7,81.2,14.9,15.4,31,1014.1,0.5,9.4,5.1,2.5,Apr-19,09/04/2019
40,8.5,1,61,9.8,24.5,18,1019.6,0.4,8,9.5,3.6,Apr-19,10/04/2019
42,6.4,0,57.8,13.9,22.7,16,1026,1.4,7.2,7,2.4,Apr-19,11/04/2019
49,5.3,0,55,16,20.9,16,1027,1.8,7.7,6.3,2,Apr-19,12/04/2019
45,4.6,0,63,13.8,23.2,15,1027.5,1.8,5.8,6.6,1.8,Apr-19,13/04/2019
88,5.5,3,58.3,19.1,12.5,35,1021.4,2.5,9.2,8.8,3.1,Apr-19,15/04/2019
112,4.2,7,69,27.6,5.7,48,1015,2.2,11.4,2.9,1.2,Apr-19,16/04/2019
115,3.7,7,77.6,22.6,10.3,50,1019,1.9,9,3.3,1.6,Apr-19,17/04/2019
93,9.3,7,69.3,22.4,12.2,44,1023,1.4,9,7.2,2.6,Apr-19,18/04/2019
83,9.1,7,59.2,19.4,20.1,35,1028,1.3,10.9,6.6,2.1,Apr-19,19/04/2019
80,8.7,6.5,55.2,17.4,25.8,33,1029.9,1.2,11.8,5,2.3,Apr-19,20/04/2019
90,10.4,5.5,52,19,30.7,36,1020.8,1.5,11.1,5,1.8,Apr-19,21/04/2019
133,10,7.5,59,22.2,25,51,1005.7,2.4,11.2,5,2.3,Apr-19,22/04/2019
76,9.1,8.5,66.1,25.8,14.1,37,997,2,12.7,3.3,1.8,Apr-19,23/04/2019
55,9.1,9,75.4,18.7,13.8,26,993.6,2.1,11.6,6.6,2.5,Apr-19,24/04/2019
22,9.1,7,74,9.9,22.5,11,999.3,1.7,12,9.1,3.6,Apr-19,25/04/2019
25,9.2,7,70.9,11.9,17.6,12,1010,1.9,12,9.3,3.4,Apr-19,26/04/2019
22,10,3,62.1,7.8,22.8,13,1009.3,1.5,10,16.5,8.7,Apr-19,27/04/2019
28,8.5,5,66,9,21.9,10,1020.2,0.7,11,10.3,4.4,Apr-19,28/04/2019
50,9,6.5,73.5,17.2,14.4,17,1026,0.9,10.8,3.5,1.7,Apr-19,29/04/2019
62,9.5,7,66,20.3,12.4,25,1025,1.7,13.4,4.4,1.8,Apr-19,30/04/2019
59,9.1,7,65.5,20.9,14.9,23,1018.7,1.9,13.5,3,1.5,May-19,01/05/2019
34,3.7,7.5,71.7,16.8,15.2,14,1014.1,1.7,12.7,6.1,2.8,May-19,02/05/2019
38,3.7,7,81,16.8,10.6,13,1014.8,1.6,10,3.2,1.5,May-19,03/05/2019
25,2.9,2,66,8.2,20.7,11,1019.3,0.7,7.7,10.7,4.6,May-19,04/05/2019
38,3,-0.5,56,10.1,22.3,15,1025.5,0.7,10,7.1,2.8,May-19,05/05/2019
27,3,1,56.2,12.6,18.6,11,1022,1.1,10.5,5.3,2.2,May-19,06/05/2019
42,3.7,2.5,52.1,16.5,16,16,1015.2,1.5,12.4,5,2.3,May-19,07/05/2019
35,4.6,8,78.9,13.3,16.2,16,992.5,2.1,11.1,6.7,2.7,May-19,08/05/2019
41,7.3,8.5,83.7,17.8,10.3,15,996.4,2.2,11.8,3.6,1.7,May-19,09/05/2019
42,9.1,6,68.4,17.7,11.2,14,1009,2.3,12.2,2.6,1.4,May-19,10/05/2019
46,6.4,7,73.5,15.2,17.6,16,1019.5,1.1,10.6,4.5,2,May-19,11/05/2019
33,9.1,5,59.7,14,19.5,11,1036.2,0.8,12.4,4.1,1.8,May-19,12/05/2019
30,9.1,5,55.6,15.5,19.5,12,1039.5,1.1,12,5.6,2.2,May-19,13/05/2019
34,8.2,5,53,14.2,20.1,13,1034.4,1.2,13.7,7.1,2.6,May-19,14/05/2019
56,9.1,6.5,57,15.5,20,23,1026.5,1,13.7,5.8,2.1,May-19,15/05/2019
50,8.2,5,56.5,13.6,23.6,20,1019.1,0.8,13.3,6.5,2.4,May-19,16/05/2019
50,7.3,9,81,12.8,17.6,19,1008.5,0.6,11.7,5.4,2.2,May-19,17/05/2019
59,7.3,9,76,17,12.8,20,1006.5,1,13.7,2.6,1,May-19,18/05/2019
67,6.7,10,73.2,16.1,14.9,22,1009.5,0.8,15.4,3,1.3,May-19,19/05/2019
54,6.4,10,67.7,16,15.2,19,1012.4,0.9,16.2,5.2,2.4,May-19,20/05/2019
34,7.3,6.5,54.5,15.2,19.9,14,1018,0.6,16.3,6.8,2.6,May-19,21/05/2019
33,9.1,5,49.5,16.8,19,13,1019.7,2,17,3.5,1.5,May-19,22/05/2019
34,10,6,44.8,17.6,19.9,14,1016.5,2.5,18.6,3.1,1.5,May-19,23/05/2019
38,6.4,8,59.3,14.8,17.5,15,1017,0.7,17.5,5.3,2.1,May-19,24/05/2019
27,5.7,10,58,10.6,15.8,11,1018,0.5,19.1,4.6,2,May-19,25/05/2019
25,6.4,12.5,68,7.3,11.4,10,1013,0.9,18.4,4.5,1.6,May-19,26/05/2019
25,7.3,7,61.2,8.5,13,11,1010.5,0.7,15.3,6.6,2.3,May-19,27/05/2019
22,6.8,7,68.3,10.5,16.2,9,1011.6,0.6,13.3,6.4,2.5,May-19,28/05/2019
32,7.3,9,81.9,12.1,11.2,12,1018.8,2.3,14,5,1.9,May-19,29/05/2019
33,6.4,13,65.5,8.2,9.7,13,1021,2.2,19.6,5,1.6,May-19,30/05/2019
25,5.5,11,64.9,10.3,9.1,10,1023.7,0.7,18.3,4,1.4,May-19,31/05/2019
32,4.9,11,56.2,12.5,11.3,12,1020,0.7,21.5,3.8,1.8,Jun-19,01/06/2019
33,3.7,13.5,61.3,9,16.7,13,1009.9,0.8,20.6,6,2.2,Jun-19,02/06/2019
29,3.7,8,57.7,9.5,19.1,15,1012.4,0.7,16.9,4.5,1.6,Jun-19,03/06/2019
37,4.3,11.5,79,15.7,12.2,17,1005,0.7,15.1,3.9,2,Jun-19,04/06/2019
30,5.5,8.5,64.2,11,14.8,12,1006.5,2.2,15.8,3.6,1.5,Jun-19,05/06/2019
26,2.8,5.5,54,11.7,16.4,11,1010.5,3.4,15.8,5.5,2.5,Jun-19,06/06/2019
34,3.7,11.5,76.3,14.9,12.8,14,1002,0.9,14.3,7.9,3.5,Jun-19,07/06/2019
25,4.6,9,68.4,6.3,16.8,10,1011.1,1.8,14.6,8,2.5,Jun-19,08/06/2019
25,5.5,7,58.9,9.9,13.9,10,1020.4,1.7,15.8,2.8,1.4,Jun-19,09/06/2019
27,3.7,10.5,89.2,12.6,13.6,10,1014.3,1.3,11.6,5.8,3.2,Jun-19,10/06/2019
25,2.8,11,82,9.2,15.4,9,1011,1,13,5.3,2.1,Jun-19,11/06/2019
28,3.7,11,87,14.5,13.1,9,1009.8,1.3,12.7,3.1,1.5,Jun-19,12/06/2019
30,5.5,10,78,10.3,12.8,10,1005.6,1.1,13.7,6.4,2.5,Jun-19,13/06/2019
25,5.5,10,70,10.4,17.5,10,1010.7,1.1,15.8,7.5,2.7,Jun-19,14/06/2019
25,5.5,10,69.4,9.7,18.1,10,1013,1.2,15.6,8.5,3.5,Jun-19,15/06/2019
25,5.5,11,73.5,6.9,16,10,1016.6,1.1,16,7.5,3.4,Jun-19,16/06/2019
27,5.5,10,59,10.5,18.3,11,1017.6,1.1,17.5,7.6,3.4,Jun-19,17/06/2019
38,6.4,13,74.3,18.5,9.9,15,1014.6,1,17,2.7,1.1,Jun-19,18/06/2019
50,5.4,14,87,17,10.2,18,1007.8,1.2,16.6,2.7,1.1,Jun-19,19/06/2019
30,6.4,10,65.4,11.8,10.2,11,1012.4,1.8,16.8,4.7,2.5,Jun-19,20/06/2019
28,6.4,8.5,58.4,13.8,14.2,11,1019.3,1.6,18,5.4,2.6,Jun-19,21/06/2019
32,7.3,10,53.5,12.1,15.5,12,1021,1.6,17.7,8.7,4.1,Jun-19,22/06/2019
61,5.7,15,72,12.4,19.9,23,1017,1.3,19.3,6.7,3.4,Jun-19,23/06/2019
59,7.3,16,72.3,19.2,11.5,26,1015.3,1.5,22,4.3,1.8,Jun-19,24/06/2019
57,6.4,17.5,82,14.4,12.2,20,1018,0.5,19.8,5.2,2.5,Jun-19,25/06/2019
38,3.8,14,79.7,6.5,23,13,1027.5,0.5,16.7,11,4.2,Jun-19,26/06/2019
31,3.7,12,70.7,7.4,20.9,15,1028.3,0.8,16.6,14,6.5,Jun-19,27/06/2019
42,4.3,13,71.2,9.8,17.1,21,1024.7,1.4,17.5,15.8,7.2,Jun-19,28/06/2019
57,4.6,15.5,57.5,15.9,16.4,25,1015.5,2.2,25.8,8.1,3.5,Jun-19,29/06/2019
30,3.7,12.5,60,6.4,18,11,1016,1.3,21.7,14.1,6.6,Jun-19,30/06/2019
21,3.2,10,59.6,8.5,17.1,9,1018.4,1.2,18.8,10,5,Jul-19,01/07/2019
30,3,10,58.5,9.4,16.3,12,1023.9,1.2,18.5,7.7,2.8,Jul-19,02/07/2019
33,3.2,10,56,12.8,15.4,14,1025.7,1.4,18.5,6,2.3,Jul-19,03/07/2019
33,2.8,10,52.3,15.4,16.5,14,1021.9,1.3,21.6,3.7,1.6,Jul-19,04/07/2019
41,2.8,11.5,50.7,15.3,17.9,17,1018.4,1.4,23,5.5,2.3,Jul-19,05/07/2019
29,1.9,13,63.9,9.3,12.9,11,1013.4,1.2,20.6,6,2.7,Jul-19,06/07/2019
30,2.2,11.5,66.6,8.5,13.2,12,1017,1.8,16.4,5.7,2.4,Jul-19,07/07/2019
30,3.7,10,64.2,12.2,17,13,1020.1,2,17,4.6,2.5,Jul-19,08/07/2019
36,3.7,11,62.8,14.1,18.5,15,1020.7,2.2,19.9,4.5,2,Jul-19,09/07/2019
45,3.7,14,60.4,14.6,13.7,18,1018.3,3,21.6,6,2.5,Jul-19,10/07/2019
35,2.2,12,56,13,15.4,14,1012.7,1.6,22,5.1,2.1,Jul-19,11/07/2019
25,1.9,13,60,9.6,16.5,10,1014.5,1.4,21,10.5,4.5,Jul-19,12/07/2019
30,1.1,13,67.1,7.5,15.9,10,1021.8,1.1,19.4,8.1,3,Jul-19,13/07/2019
25,1.9,12,71,6.6,15.4,9,1023,1.3,17,6.2,2.5,Jul-19,14/07/2019
22,2.2,10.5,69.5,8.7,13.9,9,1022.5,0.7,16.9,6.6,2.9,Jul-19,15/07/2019
38,3.2,11,60.1,14.4,17.9,15,1019,1.4,20.7,4.4,2.3,Jul-19,16/07/2019
43,3.7,11.5,55.4,14.4,18,17,1014,1.6,22,4.8,2.5,Jul-19,17/07/2019
38,3.7,13.5,62.2,11.7,12.9,14,1010.3,1.3,20,5.4,2.4,Jul-19,18/07/2019
30,4.6,13,76,11,8.9,12,1011.6,1.7,18,6.9,3,Jul-19,19/07/2019
22,3.8,15,71.2,7,11,9,1007.8,0.6,19.9,8.2,3.6,Jul-19,20/07/2019
25,4.3,12.5,62.1,7.5,9.5,10,1020.6,1.1,20.6,5.6,3,Jul-19,21/07/2019
38,3.7,15.5,68,8.5,10,12,1021.7,1.3,22.3,3.8,1.7,Jul-19,22/07/2019
50,3.8,17,59.7,15,21,21,1018,1.1,25.5,8,3.4,Jul-19,23/07/2019
55,4.6,17,53,18.7,14.3,23,1012,1.7,26.2,3.5,1.5,Jul-19,24/07/2019
59,4.6,17.5,49.4,22.8,21,28,1010.7,1.5,28.7,5.1,2.3,Jul-19,25/07/2019
50,1.9,17,66,15.1,9.3,20,1010.5,0.8,23.3,3,1.1,Jul-19,26/07/2019
30,3.8,15.5,85.2,10.7,9.8,11,1006.8,2.1,18.1,4.1,1.4,Jul-19,27/07/2019
25,2,13,70,7,11.5,10,1005.7,1.1,18.6,9.6,4,Jul-19,28/07/2019
29,2.4,12,56.3,11.5,15.5,12,1008.8,1.3,21.5,5.8,3.2,Jul-19,29/07/2019
32,3.7,14.5,75.1,7.8,16.1,14,1005.5,1.6,18.6,11.4,5.2,Jul-19,30/07/2019
25,3.7,12.5,65.2,8.9,12.2,10,1012,1.8,19.1,9.5,4.8,Jul-19,31/07/2019
35,3.7,13.5,59.7,12.1,15,13,1017,1,20.8,4.7,2.1,Aug-19,01/08/2019
42,3,14,66.5,9.6,19.3,16,1018.8,1,19.8,4.6,2,Aug-19,02/08/2019
35,3.7,14.5,67.7,11.2,14.7,14,1019,1,20.5,3.6,1.9,Aug-19,03/08/2019
40,4.3,15,67.6,10.4,15.5,15,1013.4,1,20.9,4.7,2.4,Aug-19,04/08/2019
30,4,14,65,8.1,14.7,13,1009.7,1,19.7,4.5,1.6,Aug-19,05/08/2019
29,3.7,13.5,75.5,7.1,15.1,13,1004.3,1.1,18.8,8.8,3.7,Aug-19,06/08/2019
27,3.7,13.5,75.7,8.6,13.3,12,1004.6,1.4,18.4,7.7,3,Aug-19,07/08/2019
25,3.7,14.5,64.3,10,11.8,11,1009.5,1.3,21,4.9,2,Aug-19,08/08/2019
29,3.2,16.5,79.2,7.5,13.8,14,1000.7,1.4,20,9,3.3,Aug-19,09/08/2019
38,2.8,13.5,71.5,4.3,20.5,17,1003.6,1,18.1,12.7,6.1,Aug-19,10/08/2019
30,2.8,12,63.3,5.6,17.7,14,1010.9,1,18.3,6.2,2.1,Aug-19,11/08/2019
30,3.7,12,82.2,15.6,8.7,11,1014.1,1.2,15.1,2.3,1.1,Aug-19,12/08/2019
25,5.3,9,58.5,12.3,12.8,10,1017.1,1,17.6,4.8,1.8,Aug-19,13/08/2019
25,3.9,14,84.4,12,8.9,10,1013.4,1.1,16.6,4.3,1.7,Aug-19,14/08/2019
23,3.7,11.5,66.2,9.2,10.2,10,1011.4,1,18.3,8.1,2.7,Aug-19,15/08/2019
26,3.8,13.5,80.7,10.3,7.1,12,1011.7,1.1,16.8,7.8,2.6,Aug-19,16/08/2019
29,4.2,13,72.4,6.5,10.5,13,1004.6,1,17.7,4.5,1.8,Aug-19,17/08/2019
26,4,12.5,79.6,6.8,14.1,11,1004.8,0.7,16.2,3.5,1.7,Aug-19,18/08/2019
27,3.9,11,69.5,9.4,13,12,1013.8,1.2,16.6,4,1.5,Aug-19,19/08/2019
32,4.6,8,59.5,14,14,14,1022.6,0.9,16.2,4,2,Aug-19,20/08/2019
41,5.3,10,60.3,16.4,12.2,16,1026.7,1,17.5,6.1,2.6,Aug-19,21/08/2019
39,4.7,11.5,65.4,12.9,16.9,15,1024.7,1.1,19.1,6.1,2.1,Aug-19,22/08/2019
43,4.6,15,66,18.7,9.7,17,1024.4,1.1,20.2,6,2.2,Aug-19,23/08/2019
68,5.4,14,63.6,26.3,15.8,29,1019.1,0.6,21.1,5.5,2.1,Aug-19,24/08/2019
77,5.5,15.5,56.3,23.4,17.6,33,1018,0.6,23.5,8.4,3,Aug-19,25/08/2019
73,6.4,16,52.5,25.8,19.3,28,1017.6,0.7,24.6,7.7,2.5,Aug-19,26/08/2019
71,5.5,16,51.6,28.1,17.2,29,1014.2,0.8,25.2,6.8,2.4,Aug-19,27/08/2019
33,4,14.5,58.2,10.9,15.1,12,1014,1.9,22.5,7.6,3.1,Aug-19,28/08/2019
25,3.9,10.5,61,9.3,15.2,10,1020,1.3,18.7,5.7,2.5,Aug-19,29/08/2019
30,3.8,12.5,62,11,14.2,13,1020.5,1.2,19.1,7.7,2.8,Aug-19,30/08/2019
30,3.7,13,62.6,11.2,10.8,12,1012.1,1.1,18.5,8.2,4.3,Aug-19,31/08/2019
22,3.7,6.5,52.8,9.1,13.1,8,1017.6,1.6,17,9.4,4.1,Sep-19,01/09/2019
28,4.6,8,57,12.9,10.4,12,1023.5,1.5,17.9,10.5,4.6,Sep-19,02/09/2019
23,3.8,11,61.6,9.5,13.8,11,1022.7,1.6,18.8,10.1,4.3,Sep-19,03/09/2019
21,3.9,10,63.7,7.7,14.1,10,1015.1,2.4,18,11.2,3.8,Sep-19,04/09/2019
25,8.2,6.5,58,11.1,15.6,10,1026,2.9,15,10.5,3.8,Sep-19,05/09/2019
33,10.9,10,74.1,15,7.6,13,1021.5,2.6,15,9,4.1,Sep-19,06/09/2019
25,8.5,8,62,8.6,13.1,10,1023,2.8,15,8.7,3.7,Sep-19,07/09/2019
26,9.1,5.5,60.1,9.2,15.8,11,1023.7,2.7,13,5.9,2.5,Sep-19,08/09/2019
38,9.1,10.5,78.4,16,11,14,1013.2,2.6,14.4,6.2,2.3,Sep-19,09/09/2019
43,9,11,66.4,19.5,6,15,1018.9,2.3,16.3,3.6,1.5,Sep-19,10/09/2019
25,8.2,15,76,10.2,9.8,11,1019.8,2.5,18,8.5,3.5,Sep-19,11/09/2019
27,8,15,74.5,9.9,8.1,11,1027,2.1,18.7,9.2,4.6,Sep-19,12/09/2019
28,7.3,10.5,63.5,11.3,12.5,12,1034.5,1,17.2,8,2.9,Sep-19,13/09/2019
38,8.2,9.5,64.6,18.8,10.3,15,1032.7,0.9,15.7,3.1,1.4,Sep-19,14/09/2019
42,6.4,12.5,64.8,17.4,8.1,15,1023.3,1.2,18.7,3.2,2,Sep-19,15/09/2019
43,6.4,14,79.9,13.9,4.8,14,1021.7,1,17.6,4,1.5,Sep-19,16/09/2019
31,7.4,7,57.3,11.5,14.5,12,1024.9,0.9,15,6.5,2.5,Sep-19,17/09/2019
34,3.7,6,59.5,16.5,12.7,17,1029.2,0.8,13.3,4.5,1.8,Sep-19,18/09/2019
42,2.2,9,63.2,20.8,10.8,18,1030.4,1.4,14.7,4.4,1.8,Sep-19,19/09/2019
46,2.8,10,67.2,20.6,11,22,1024.1,1.9,15.5,8.8,4.4,Sep-19,20/09/2019
50,2.9,9,59.5,21.1,9.8,24,1013.2,1.8,17.4,8.4,3.8,Sep-19,21/09/2019
38,1.1,14.5,77.3,15.5,10.5,17,1005,1.4,18.3,5.1,2,Sep-19,22/09/2019
22,2.2,12,79.5,9.1,14.2,10,1010.7,1.5,16.1,8.8,4,Sep-19,23/09/2019
23,1.9,14.5,90,11,10.4,10,1001.5,1.4,16.6,9.3,3.6,Sep-19,24/09/2019
21,1.6,14,82.8,10.2,11.6,9,1000.8,1.3,16.8,8.3,3.1,Sep-19,25/09/2019
29,1.9,12.5,80,10.1,16.1,11,1003.1,1.1,16.8,9,3.5,Sep-19,26/09/2019
30,1.9,12,83.8,9.6,16.4,13,1004.4,0.9,15,8.9,3.8,Sep-19,27/09/2019
23,1.9,11,73,7,15.6,10,1008.6,1.4,15.2,10.3,4.5,Sep-19,28/09/2019
18,0.2,15,84.1,5.9,17.3,7,997.2,1.1,16,13.5,6.5,Sep-19,29/09/2019
25,2.8,12,77.5,12.7,7.8,10,1010.4,1.4,15.5,6.2,2.6,Sep-19,30/09/2019
30,1.1,14,79.6,10.6,12.2,12,999.9,1.1,16.7,7.1,2.3,Oct-19,01/10/2019
25,1.9,4,67,14.1,10.9,10,1016,1.1,11.1,18,4.2,Oct-19,02/10/2019
46,4.6,6,67,18,3.9,15,1015.5,2.1,12.3,7,2.8,Oct-19,03/10/2019
46,2.8,11,78.4,16.3,7.2,19,1004.9,1.6,13.9,9.5,3.8,Oct-19,04/10/2019
36,2.8,10,77,14.3,7.7,12,1013.9,1.2,13.5,5,2.3,Oct-19,05/10/2019
22,0.7,10.5,80,8.4,14.2,9,1010.4,1.1,13.5,10.8,5.8,Oct-19,06/10/2019
26,1.9,11,87,14.4,7.1,11,1015,1.1,14.4,5.6,2,Oct-19,07/10/2019
34,2.9,11,82,11.3,11.4,17,1006.4,1.4,14,7.9,3.7,Oct-19,08/10/2019
25,3.7,8,74,11.4,13.7,12,1005.3,1.2,11.6,10,4.8,Oct-19,09/10/2019
30,2.2,9,77,9.9,11.7,14,1011.5,1.5,15.1,11.8,6,Oct-19,10/10/2019
25,1.1,14,84.5,9.6,16.3,10,1006.2,1.3,16,13.4,7.2,Oct-19,11/10/2019
26,2.8,11,92.5,17.6,10.7,8,1008,1.4,11.6,2.6,1.2,Oct-19,12/10/2019
27,1.1,12,82,11.2,13.3,9,1004.9,1.4,13.5,5.9,2.7,Oct-19,13/10/2019
30,1.9,12,89.1,18.9,4.8,11,1007.9,1.7,13.5,6.1,2.4,Oct-19,14/10/2019
30,2.8,10.5,79.4,16,8.7,11,1004.6,1.7,14.2,5.6,2.2,Oct-19,15/10/2019
30,2.8,10,76.2,17.6,9.1,13,1003.5,1.8,13.8,8,3.5,Oct-19,16/10/2019
30,3.2,10,84,18.8,7.1,12,1006.6,2.1,11.5,7.1,2.7,Oct-19,17/10/2019
30,3.7,8.5,75.4,11.3,17.3,13,1000.3,1.6,12.2,10.4,4.1,Oct-19,18/10/2019
28,3.7,7.5,70.8,15.2,11.6,12,1001,1.1,12.7,6.8,2.5,Oct-19,19/10/2019
40,2.2,7.5,87.3,13.2,10.4,12,1010.5,1.3,10.4,9,3,Oct-19,20/10/2019
25,1.1,9,86.7,11.4,13.7,10,1016.7,1.1,11.1,12.8,4.1,Oct-19,21/10/2019
51,4.9,6.5,70,22,2.3,18,1022.9,2.2,11,1.7,1.5,Oct-19,22/10/2019
64,5.1,8,87.2,25.1,1.1,26,1013.2,2.7,12.2,2.5,1.2,Oct-19,23/10/2019
61,4.6,11,93,21.2,1.3,24,1005,1.4,12.3,4.6,1.5,Oct-19,24/10/2019
27,3.1,11,81.1,11.3,12,12,1012.4,0.9,15,13.5,4.7,Oct-19,25/10/2019
30,2.2,12,79.5,8.4,18.5,13,1007.8,0.9,15.5,15.2,7,Oct-19,26/10/2019
29,3.7,4,70,16.8,8.8,10,1023.8,0.9,8,3.6,1.6,Oct-19,27/10/2019
50,4,5,75.5,20.1,4.7,17,1024.4,1.8,8.8,6,2.1,Oct-19,28/10/2019
25,3.7,5,73.5,17.8,12.8,11,1025,3.8,9,8.4,3,Oct-19,29/10/2019
49,4.6,5.5,70.9,19.7,7.8,18,1022.9,3.4,9.3,7.2,2.5,Oct-19,30/10/2019
78,5.5,6,83,20.6,1.7,30,1017.9,4.9,8.6,5.6,2.3,Oct-19,31/10/2019
32,5.5,12.5,90.3,17.1,3.7,15,1000.6,3.8,14.4,7.2,2.6,Nov-19,01/11/2019
26,5.5,8.5,76,7.1,17.7,11,979.2,3,12,14.6,7.7,Nov-19,02/11/2019
37,8.5,8,86.2,16.3,8,15,982.2,4.3,9.4,4.7,2,Nov-19,03/11/2019
38,8.2,8,88.7,22.1,3.8,15,983.9,4.8,8.8,2.7,1.2,Nov-19,04/11/2019
49,4.6,7.5,88.6,16.5,6.7,15,998.7,2.1,9.4,8.7,3.4,Nov-19,05/11/2019
56,6.6,4.5,75.5,21.3,6.5,21,1005.1,5.3,8.3,5,2,Nov-19,06/11/2019
30,6.9,4.5,76,17.1,9.2,11,993.6,5.8,8.5,7.5,3,Nov-19,07/11/2019
47,8.2,4,81.8,22.2,2.9,16,1008,3.5,6.3,6.8,2.8,Nov-19,08/11/2019
49,7.9,3.5,87.1,18.2,4.8,15,1006.5,3.5,7.2,6.3,3,Nov-19,09/11/2019
39,6.9,4,78,14.6,10.8,11,1012.8,1.9,7.2,5,2.5,Nov-19,10/11/2019
32,8.5,3.5,68.1,17,10.4,12,1001.7,2.9,8.1,12.6,5.6,Nov-19,11/11/2019
25,10,2.5,74.1,16.2,10.6,10,998.8,2.7,7.7,12.8,5.9,Nov-19,12/11/2019
30,10,4,78,19.8,6.4,12,1000.5,2.2,7,6.9,2.8,Nov-19,13/11/2019
30,9.3,4,83.4,23.1,9.4,10,997,3.5,6.5,6,2,Nov-19,14/11/2019
44,6.4,5,90.1,14.5,9,13,1002,1.1,5,13.6,5,Nov-19,15/11/2019
55,7.3,4,87.4,21.1,2.3,17,1006.4,1.7,5.2,2.1,1.2,Nov-19,16/11/2019
76,11.2,4,87,23.8,0.8,26,1011.7,2.6,4.6,1.9,1,Nov-19,17/11/2019
31,6.4,4,78,18.1,9.1,12,1015.4,1,7,6.5,3,Nov-19,18/11/2019
66,13.6,2.5,83,30.2,0.8,27,1016.5,3.3,5,2.1,1.2,Nov-19,19/11/2019
46,10,1.5,71.4,21.8,6.2,18,1013.1,3.8,5.4,9.8,4.8,Nov-19,20/11/2019
73,8.2,4,86,18.6,3.1,25,1004,2.7,5,8.8,4.6,Nov-19,21/11/2019
33,8.2,6.5,84,20,7.1,14,996.4,2,8.3,9.8,4.1,Nov-19,22/11/2019
53,7.3,8,87,19.2,3.1,17,994.4,1.9,9.8,7.1,3.7,Nov-19,23/11/2019
57,8.5,8,86.3,17.3,1.1,20,1004.4,2.2,10.3,5.4,2,Nov-19,24/11/2019
30,6.4,10,89,16,8.2,11,1002.7,1.4,11.1,7.6,2.7,Nov-19,25/11/2019
24,4.8,10,87,15.1,15,11,994.6,0.9,11.8,9.8,4.1,Nov-19,26/11/2019
30,5.5,9,87,21.2,9.4,11,983.9,1.3,10.9,6.5,2.3,Nov-19,27/11/2019
35,4.6,7,87,16.1,7.4,12,996.6,1.3,9,8,3,Nov-19,28/11/2019
42,4.9,3,82.5,23.7,6.8,15,1015,0.9,5.5,3.3,1.5,Nov-19,29/11/2019
59,6.4,2,83.3,26.5,1.4,20,1020.9,0.8,4.2,4,1.6,Nov-19,30/11/2019
28,4.6,3,81.3,12.8,13.2,10,1022.5,0.6,4.7,8.6,3.8,Dec-19,01/12/2019
63,7.1,0.5,83.4,30.3,1.9,22,1030.8,3.6,2.5,3,2,Dec-19,02/12/2019
58,8.7,3,80,30.7,0.8,22,1025.6,4.1,5.5,1.4,0.9,Dec-19,03/12/2019
71,9.1,2.5,84,33.5,0.7,29,1020.5,4.7,3.7,1.8,1.1,Dec-19,04/12/2019
59,8.2,5,81.5,23.5,1.9,24,1016.8,5.6,8,6.1,3.2,Dec-19,05/12/2019
21,4,9,80.4,12.9,16.9,9,1006.2,2.5,11.4,14.8,7.9,Dec-19,06/12/2019
28,4.6,6,76,13.3,13,12,1012.5,1.8,10.3,9.8,5.5,Dec-19,07/12/2019
25,3.7,4,72.3,7.2,25.2,13,999.9,1.1,10.5,19,10.3,Dec-19,08/12/2019
30,4.8,2,69.6,13.7,15.8,11,1013.2,1.7,7.7,13.6,5.8,Dec-19,09/12/2019
32,4.6,7,87,14.6,10.1,13,1013.2,2.1,9.3,13.8,5.6,Dec-19,10/12/2019
30,5.5,4,81,22.3,9.2,12,1005.9,4.4,6.8,8.8,3.4,Dec-19,11/12/2019
24,5.5,6.5,88.4,19.5,9.9,10,993.5,3.3,7.7,11.1,3.8,Dec-19,12/12/2019
30,4.3,3.5,74.7,14.4,16.4,12,981.9,1.7,7.2,16.8,8.1,Dec-19,13/12/2019
30,4.6,2,74.3,12.3,19.5,14,990,1.5,7.3,16.9,7.6,Dec-19,14/12/2019
27,4.2,4,74.8,9.1,22.3,12,997.8,1.5,8,17.8,8.3,Dec-19,15/12/2019
31,5.3,6,85.3,26.6,7.7,12,1000.1,2.6,7.7,6.7,2.5,Dec-19,16/12/2019
45,5.3,5.5,90.6,27.5,5,12,1001.1,4.4,7.1,5.6,1.8,Dec-19,17/12/2019
37,4.6,5.5,89.2,21.2,6.1,15,1009.1,3.1,9,11.6,4.6,Dec-19,18/12/2019
38,3.2,9,83,11,14.1,16,999.4,2.3,11.8,19,7.9,Dec-19,19/12/2019
25,4.8,7,89,20.4,11.1,9,982.3,4.3,9.3,7.6,3,Dec-19,20/12/2019
23,4.3,7,87,11.8,18.6,9,982,1.8,8.8,12.1,4.6,Dec-19,21/12/2019
30,4.6,6,87,13.3,14.2,10,988,2.5,8.8,10,4,Dec-19,22/12/2019
34,4.8,5,81,16.6,10.7,13,1010.1,2,8.3,11.2,4.8,Dec-19,23/12/2019
37,4.5,7,87.2,11.9,17.6,14,1007.8,0.8,9.3,12.8,5.2,Dec-19,24/12/2019
30,4.7,3,83,14.3,11.2,9,1023.9,1.4,5.9,4.3,2.3,Dec-19,25/12/2019
31,4.6,7,90.7,11.8,12.1,11,1014.9,0.8,8.3,12.6,4.8,Dec-19,26/12/2019
48,5,6,89,16.5,8.1,13,1028.7,0.7,7.2,4.4,2,Dec-19,27/12/2019
57,5.3,6,92,16.6,2.6,18,1036.1,0.7,7.8,4.4,1.7,Dec-19,28/12/2019
59,5.3,,,12.9,8,18,,1.4,,,,Dec-19,29/12/2019
67,5.5,,,18.9,1.1,21,,1.5,,,,Dec-19,30/12/2019
70,5.5,,,17.7,1.5,25,,1.1,,,,Dec-19,31/12/2019
95,6.4,,,19.9,1.1,33,,1.6,,,,Jan-20,01/01/2020
30,3,8.5,86.9,10.8,12,12,1015.3,1.7,10.5,21.2,9.7,Jan-20,02/01/2020
30,3.7,5.5,75,15.3,14.2,11,1022.5,1.7,8.7,10,5,Jan-20,03/01/2020
30,4.6,4,76.5,18.2,7.9,12,1033.4,1.3,7.7,9.8,4.1,Jan-20,04/01/2020
23,4.6,5,76.7,12.2,13.2,8,1032.7,1.3,8.3,11.2,4.7,Jan-20,05/01/2020
30,4.6,4,78,12.3,13.7,13,1020.3,2.1,8.3,16.1,7.2,Jan-20,06/01/2020
35,3.5,7,87.8,12.9,9.9,18,1021,2,11.4,12.1,5.2,Jan-20,07/01/2020
50,4.6,9,82.7,17.6,7.4,24,1019.9,2.6,12.2,10,3.7,Jan-20,08/01/2020
25,4.6,9,82.9,10.4,12.7,11,1006.8,3.3,12.2,16,8.1,Jan-20,09/01/2020
33,4.8,2.5,72.7,17.6,12.6,11,1023.9,2.2,6.6,10.4,4.3,Jan-20,10/01/2020
28,3.7,5.5,76,7.8,21,15,1022.8,1.4,10.5,19.2,9.1,Jan-20,11/01/2020
21,4.6,5.5,72.9,7.5,18.7,9,1017.5,2.5,10.5,16,7.7,Jan-20,12/01/2020
21,4.6,6,76,9.4,18.7,12,1011.9,3,10,16.4,7.3,Jan-20,13/01/2020
25,4.6,9,85,7.4,20.8,10,996.8,3.1,12,18,9.5,Jan-20,14/01/2020
28,4.9,5,81.3,16.2,15.8,11,1007,3.5,10,13,5.1,Jan-20,15/01/2020
29,3.6,6,78.5,11.4,15.1,14,1014.7,2.7,11.1,14.8,6,Jan-20,16/01/2020
25,2.8,5,82,15.4,15,11,1010.8,2.6,9.4,14.1,5.4,Jan-20,17/01/2020
38,5.9,1,85.5,22.2,5.8,15,1027.6,1.9,3.1,8,3.2,Jan-20,18/01/2020
46,6.4,0.5,86,23.9,5.2,17,1045.2,2.1,3,4.5,1.7,Jan-20,19/01/2020
78,10.9,0.5,86.2,34.6,0.8,34,1047.9,5.8,3.4,2.5,1.4,Jan-20,20/01/2020
86,10,2,89.5,35.3,0.7,36,1041.8,5,2.7,2.1,2,Jan-20,21/01/2020
83,5.2,5,94,25.3,0.7,29,1037.1,1.8,6.6,2.5,1,Jan-20,22/01/2020
59,3.7,6,89.8,22.9,3.9,19,1031.5,1.1,7.2,3.4,1,Jan-20,23/01/2020
58,3.7,5,91,23.7,2.5,20,1022.7,2,6.6,4.1,1.3,Jan-20,24/01/2020
70,3.7,4,87,15.8,6.8,28,1018.9,2.9,6.1,3.1,2,Jan-20,25/01/2020
52,4.4,6.5,87,11.1,11.9,20,1010.7,3.3,9.4,8,3.2,Jan-20,26/01/2020
21,3.7,6,81,17.6,15.2,11,1001.5,4.7,8.3,8,3,Jan-20,27/01/2020
21,8.2,1,75,14.6,18.1,9,997,5.8,5,15.7,7.2,Jan-20,28/01/2020
33,9.1,2,71.6,15.5,14.2,15,1010.5,4.5,7.2,15.4,6.4,Jan-20,29/01/2020
25,7.2,9,85,14.1,12.8,11,1004,5.2,11.2,10.9,4,Jan-20,30/01/2020
18,6.3,8.5,75,10.8,15.8,7,1006.6,5,11.6,16.6,6.4,Jan-20,31/01/2020
31,6.5,4,75,8.9,19.5,15,1004.6,3.6,10.5,17.6,7.2,Feb-20,01/02/2020
38,6.4,8,75,9.7,18.1,17,1008.9,3.2,11.1,15.2,6.1,Feb-20,02/02/2020
35,5.5,5.5,74.8,13.3,17.9,17,1012.7,5,10,18,6.9,Feb-20,03/02/2020
30,7.4,3,70.6,15.5,15.4,13,1019.7,2.2,8.8,18.2,7.2,Feb-20,04/02/2020
59,8.5,2,67,29.8,2.1,28,1036,2.9,7.6,3.3,1.5,Feb-20,05/02/2020
65,7.3,3,66.3,31.5,1.9,29,1030.4,2.8,7,2.2,1.8,Feb-20,06/02/2020
69,6.4,2.5,69.2,22.6,3.2,30,1016.4,3.5,7.2,11.8,3.8,Feb-20,07/02/2020
34,4.3,5,68.3,11.9,16.9,19,1014.1,2.1,10.1,14.2,5.4,Feb-20,08/02/2020
25,2.8,5,65,3.8,26.2,12,1006.8,1.9,10,28.6,12.3,Feb-20,09/02/2020
26,3,,,9.4,22.5,11,,3.6,,,,Feb-20,10/02/2020
28,4.6,,,10.4,22.6,14,,3.4,,,,Feb-20,11/02/2020
24,4.6,,,14.9,18.9,12,,3.4,,,,Feb-20,12/02/2020
25,3.7,,,14.8,18.6,10,,3.3,,,,Feb-20,13/02/2020
41,4.6,,,16.9,12.6,19,,3.3,,,,Feb-20,14/02/2020
20,2.2,,,5.2,20.7,8,,1.5,,,,Feb-20,15/02/2020
16,3.7,,,6,24.2,6,,1.6,,,,Feb-20,16/02/2020
30,3.7,,,9.8,23.1,14,,3.8,,,,Feb-20,17/02/2020
25,3.7,,,11.9,20.4,12,,6,,,,Feb-20,18/02/2020
30,3.7,,,15.6,15.9,14,,4.9,,,,Feb-20,19/02/2020
18,3.7,,,10.9,20.4,8,,2.8,,,,Feb-20,20/02/2020
31,3.7,,,9.7,22.3,18,,2.7,,,,Feb-20,21/02/2020
38,3.1,,,6.2,24.6,17,,1.9,,,,Feb-20,22/02/2020
20,3.7,,,7.1,19,7,,1.4,,,,Feb-20,23/02/2020
18,4.3,,,9.6,18.7,8,,1.9,,,,Feb-20,24/02/2020
17,5.5,1,70.4,11.8,20.3,9,996.4,2.9,7.2,19.6,7.6,Feb-20,25/02/2020
21,6.4,0,71.2,16.7,16.1,11,1004.5,2.6,5.2,15.7,6,Feb-20,26/02/2020
25,5.3,0,75.7,18.4,15.3,10,1008,2.2,4.1,9.1,3.4,Feb-20,27/02/2020
25,5.3,5.5,89,15.8,12.9,12,1008,2.1,6.1,16.1,6.3,Feb-20,28/02/2020
29,6.4,1.5,81.1,7.2,22.5,13,986.8,1.9,6.9,25.8,11,Feb-20,29/02/2020
23,7.4,1,73.5,7.5,22.9,11,988.4,1.7,6.1,20.2,8.5,Mar-20,01/03/2020
21,4.6,4,86,15.8,17.5,8,988,1.8,5.3,9.7,3.1,Mar-20,02/03/2020
41,9.1,,,27.8,5.9,18,,3,,,,Mar-20,03/03/2020
38,6.4,5,88.4,22.8,7.3,15,1004,3,6.1,9.7,3,Mar-20,04/03/2020
38,3.7,4,90.7,11.7,16.5,12,994.6,1.4,5.5,13.7,4.9,Mar-20,05/03/2020
39,5.5,0,76.3,20.3,15.8,16,1005.5,3.7,5.2,7,3,Mar-20,06/03/2020
48,6.4,6.5,78,15.6,12.8,22,1015.1,3.1,10.3,12.7,5.6,Mar-20,07/03/2020
25,3.7,5.5,78.5,7.1,24.1,11,1005.7,3,10.4,14.6,8.1,Mar-20,08/03/2020
25,5.4,3.5,82.3,11.7,17.9,12,1011.1,2.1,8.7,14,6.4,Mar-20,09/03/2020
15,3.7,10.5,84.8,8.2,16.8,6,1004,1.7,13,19.2,9,Mar-20,10/03/2020
18,4.3,7,78.3,9.4,22.3,9,1009,2.5,11,14.6,8.2,Mar-20,11/03/2020
26,4.6,1,61.9,9,23.1,14,1010.4,3.3,8.5,19,10.2,Mar-20,12/03/2020
31,5.5,2.5,60,13.9,18.7,16,1018.3,2.3,9,10,4.6,Mar-20,13/03/2020
25,4,7,83,9.3,21.9,12,1013,2.3,10,11.5,6.1,Mar-20,14/03/2020
22,4.3,7,82.3,7.8,24,9,1008,1.8,9.7,13.6,6.1,Mar-20,15/03/2020
35,4.6,2,71.4,19.2,12.8,14,1022,2.9,8,7.1,3.6,Mar-20,16/03/2020
30,3.7,5,79.5,11.5,19.1,15,1027,2.9,10,11,5.4,Mar-20,17/03/2020
32,2.9,8.5,81,10.6,19.9,14,1024.1,3.2,11.7,12.2,7.5,Mar-20,18/03/2020
42,2.8,6,92.4,11.7,15.9,15,1026,3.3,7.2,9.8,4.6,Mar-20,19/03/2020
25,3.7,2,76.5,7.2,23.1,12,1028.1,2.8,6.9,18,10,Mar-20,20/03/2020
29,3.8,1,72,7.1,21.2,15,1025.7,2.2,6.5,17.5,9,Mar-20,21/03/2020
40,5.5,1,70,8.1,18.9,16,1026.1,1.5,6.6,16,8.2,Mar-20,22/03/2020
48,7.3,0,59.2,15.5,14.2,20,1026.3,3,6.6,10.9,6.2,Mar-20,23/03/2020
51,6.4,-1.5,52.7,15.5,18.6,19,1025.3,2.2,8,8,4,Mar-20,24/03/2020
65,7.7,-1.5,56,20.3,18.3,27,1024,3,6.7,7.7,4.1,Mar-20,25/03/2020
79,6.4,-1,61.8,13.3,23.2,32,1022.9,3,6.4,10.3,5.9,Mar-20,26/03/2020
78,5.5,-0.5,63.3,8.4,31.6,34,1023.4,2.2,7.6,15.7,6.2,Mar-20,27/03/2020
46,4.6,1,68.6,4.5,33.1,22,1028.5,1.2,6.3,19.7,9.5,Mar-20,28/03/2020
24,6.4,-3,60.4,3.2,30.3,13,1037.1,0.8,5,22,11.7,Mar-20,29/03/2020
23,4.9,0.5,74.5,6.6,24.8,11,1035.4,0.9,4,12.1,6.2,Mar-20,30/03/2020
30,5.5,1,68.5,8.5,25.4,14,1031,1,6,12,6.1,Mar-20,31/03/2020
36,5.7,-1,64.3,14.3,19.7,14,1023.5,1.2,7.2,5.6,2.8,Apr-20,01/04/2020
25,5.3,3,68.2,9.9,20.5,10,1015.2,1.4,10.3,9.8,5.1,Apr-20,02/04/2020
31,5.5,1.5,63.7,13.7,20.2,14,1017.3,1.8,9.5,7,3.5,Apr-20,03/04/2020
46,5,3,68,11.5,21.8,15,1019.7,1.3,10.3,8.6,4.3,Apr-20,04/04/2020
40,4.8,2.5,46.8,7.1,27.8,15,1013.8,1.4,16.3,12.6,7.2,Apr-20,05/04/2020
32,3.7,4.5,59.1,9.9,24.4,13,1016.6,1.4,14.1,8.6,4.5,Apr-20,06/04/2020
50,4.4,4.5,65.2,17.3,15.9,20,1028,1.5,12.6,7,3,Apr-20,07/04/2020
93,3.8,7.5,66,20.2,16.4,41,1024.2,2.5,14.4,6.2,3,Apr-20,08/04/2020
93,4,7,66,19.1,20.5,46,1024.5,2.9,13.3,7,3.8,Apr-20,09/04/2020
88,3.7,8,70.8,15.6,17.8,38,1024.5,2.7,13.5,9.2,4.1,Apr-20,10/04/2020
69,4,8,58.5,18.5,15.9,30,1022,3.2,16.6,4.7,2.5,Apr-20,11/04/2020
61,3.7,6.5,53,10,30.7,25,1013.7,2.6,17.6,6.2,2.8,Apr-20,12/04/2020
33,3.2,-1,60.2,3.7,29.7,15,1025.9,1.4,8.8,18.6,8.5,Apr-20,13/04/2020
31,3,-1,59.4,8.3,28.6,14,1028.4,1.1,7.1,9,4.4,Apr-20,14/04/2020
59,2.8,2.5,65.5,15.4,21.6,27,1022.8,1.7,9.7,7.2,3.3,Apr-20,15/04/2020
97,1.4,5,69.7,19.2,17.7,43,1016,2.8,12.1,6.7,3.3,Apr-20,16/04/2020
38,3.7,6,73.2,7.7,25.3,19,1016.5,1.7,10.6,13.7,6.7,Apr-20,17/04/2020
52,3.7,7,83,8.4,19.8,22,1017.2,1.7,9.4,7.2,3.5,Apr-20,18/04/2020
41,3,3,64.6,6.2,26.6,19,1019.7,1.6,10.7,11,5.7,Apr-20,19/04/2020
41,1.9,3,57.1,7.4,26.3,21,1017,2,12,15.4,7.7,Apr-20,20/04/2020
44,2.8,3,55.5,7.4,26.5,26,1016.4,2,13,16.7,8.4,Apr-20,21/04/2020
54,3.2,2.5,54,8.7,26.7,27,1019,1.8,14.3,11.8,5.7,Apr-20,22/04/2020
63,2.8,5.5,57.5,12.8,25.2,30,1019.1,2.5,13.7,8.1,4.1,Apr-20,23/04/2020
62,2.8,5,62,12.5,27.6,29,1016,1.1,12.9,6,2.7,Apr-20,24/04/2020
45,2.6,5,74.2,7.5,28.6,17,1014.9,0.7,10,9.7,4.9,Apr-20,25/04/2020
50,2.8,5,64.6,9.2,26.6,17,1012.2,0.8,13.3,5,2.7,Apr-20,26/04/2020
57,2.8,6,66,10.7,23.6,23,1007,1.7,12.2,5.7,3.1,Apr-20,27/04/2020
25,1.1,7,91.2,8,21.4,9,1004.2,1.4,8.3,10.7,4.8,Apr-20,28/04/2020
29,2.2,7,82.8,7.1,19.3,12,1001.6,1.5,10.6,7.7,3.6,Apr-20,29/04/2020
22,1.9,6,86.3,6.8,21.9,10,995.2,1.7,9.1,9.8,4.3,Apr-20,30/04/2020
24,1.9,5.5,76,8,21.1,10,998,1.8,10.5,10.3,5.2,May-20,01/05/2020
23,2.8,3,64.2,7.8,24.7,9,1010.5,1.3,12,8.6,3.8,May-20,02/05/2020
35,2.3,6.5,71.1,9.7,21.8,13,1015.6,1,12.7,6.3,3.3,May-20,03/05/2020
38,2.2,7,68.5,8.5,26.5,15,1019,1.2,12.2,9.8,5,May-20,04/05/2020
25,3,4,64.7,6,27.1,13,1021,1.2,10.5,17.7,8.3,May-20,05/05/2020
44,2.8,3.5,71.6,10.1,25.2,19,1025,1.1,11.5,10.3,4.8,May-20,06/05/2020
56,2.8,6.5,57.2,14.7,27.2,23,1022.3,1.4,16,5.7,2.6,May-20,07/05/2020
57,2.8,7.5,53.6,13.9,31.6,20,1017.7,1.3,18.2,4.5,2,May-20,08/05/2020
72,2.8,7.5,50.5,13.5,36.4,30,1012.7,1.6,17.7,9.2,4,May-20,09/05/2020
52,2.8,7.5,68.5,4.9,29.4,24,1008.8,1.3,12.6,17,7,May-20,10/05/2020
21,3.7,-1,56,3.6,22.5,12,1018.6,1.8,8.1,18.4,7.6,May-20,11/05/2020
26,3.7,0,55,9.2,23.1,11,1020.4,1.7,11.1,6.7,3.2,May-20,12/05/2020
25,3.2,-1,59,5.3,24.3,11,1017,1.8,9.7,12,4.9,May-20,13/05/2020
22,3.7,0.5,63,6.5,20.3,9,1022,1.7,8.8,11.2,5.1,May-20,14/05/2020
36,3.7,2.5,52.5,11.7,22.7,14,1023.3,1.8,13.4,5.2,2.5,May-20,15/05/2020
30,3.2,3,57,8.5,25.3,10,1023.8,1.7,13.1,6.2,3.2,May-20,16/05/2020
34,3.1,4.5,54,8.7,20.8,13,1023.3,1.7,15,6.8,3.6,May-20,17/05/2020
30,2.8,5,52.2,7.2,23,13,1023,1.1,17,9.6,4.4,May-20,18/05/2020
30,1.1,10,58.8,9.6,20.7,12,1022.7,0.7,19.5,7.3,3.6,May-20,19/05/2020
36,2.8,10,52.6,11.7,19.9,14,1021,1.1,21.2,6,2.9,May-20,20/05/2020
41,2.8,11.5,51.5,12.5,27.5,17,1018.8,1.4,21.5,4.6,2.2,May-20,21/05/2020
41,2.8,8,55,5.5,25.5,22,1014.8,1.4,18.8,12.5,6.2,May-20,22/05/2020
34,2.6,4.5,56.9,3.2,22.6,19,1021.1,0.7,14.6,16.2,7.5,May-20,23/05/2020
38,1.1,8,62.6,4.6,23.1,15,1029.9,0.3,16.6,11.5,5.6,May-20,24/05/2020
46,2.2,8.5,56,9.2,22.4,15,1034,0.4,19.5,5,2,May-20,25/05/2020
40,1.9,7.5,54,12.2,21.8,15,1035,0.6,20.5,6.9,3.1,May-20,26/05/2020
38,2.8,10,59,12.9,21.1,16,1035,0.6,18.6,6.6,2.8,May-20,27/05/2020
30,3.9,5,56,6.6,20.6,13,1033.8,1.7,15.5,12.2,5.6,May-20,28/05/2020
33,3.9,7.5,51.3,9.3,21.3,16,1027.7,2.3,16.2,11.6,5,May-20,29/05/2020
40,4,7,55.2,7.1,27.8,16,1023,2.2,17.8,11,5.1,May-20,30/05/2020
34,3.8,6.5,52.5,5.8,28.2,15,1022.5,2.6,17.6,13.1,6.4,May-20,31/05/2020
34,3.7,8,58.2,8.6,24.8,15,1022.2,2.3,18.6,10.3,4.6,Jun-20,01/06/2020
35,3.7,6.5,45.8,9.8,26,16,1018.9,2.5,19.6,7.9,4,Jun-20,02/06/2020
45,2.8,9.5,68.6,11.3,22.3,18,1007.8,2.5,16.1,9.2,3,Jun-20,03/06/2020
23,3.7,6.5,70.7,6.4,22,10,1002.9,2.7,12.7,13.6,5.4,Jun-20,04/06/2020
20,3.7,5,60.5,7,18.4,9,996.3,3.4,12.7,13.5,6.2,Jun-20,05/06/2020
23,2.8,7.5,72.7,6.4,16.5,9,998.1,3.5,10.7,12.2,5.6,Jun-20,06/06/2020
26,1.1,8.5,79.5,6.7,15.5,8,1008.4,3,12.5,8.5,4.2,Jun-20,07/06/2020
30,1.1,6,68,6.2,19.5,12,1018.6,1.8,12.5,10.5,4.5,Jun-20,08/06/2020
34,4.2,5.5,62.7,10.3,22.2,14,1019.7,1.7,15.1,6.6,2.6,Jun-20,09/06/2020
42,4.6,10,83.3,10.1,17.3,15,1015,2.5,13,6.2,3.8,Jun-20,10/06/2020
40,2.8,11,86.5,7.8,19.3,14,1011.1,1.9,14.1,12,5.7,Jun-20,11/06/2020
61,3.7,13,85,10.5,17.9,22,1004.8,1.9,16.6,13.7,6.5,Jun-20,12/06/2020
33,3.7,11.5,71.3,10.5,18.3,13,1008,1.8,18.3,9.8,5.7,Jun-20,13/06/2020
28,3.7,12,67,8.1,20.4,11,1013.5,1.8,18.6,7.8,3.8,Jun-20,14/06/2020
31,4.6,11,70.7,11.5,16,12,1015.5,2.2,18,5.2,2.8,Jun-20,15/06/2020
30,4.3,12,68.2,10.3,18.7,12,1013.7,1.5,19,6.2,3,Jun-20,16/06/2020
38,4,12,73.1,15.8,13.6,14,1012,1.7,17.8,4,2,Jun-20,17/06/2020
26,4.3,13.5,89,9.5,20.4,10,1009.4,1.7,15.5,6.8,3.2,Jun-20,18/06/2020
29,4.3,11,77.4,7.1,20.4,11,1013.5,1.7,15.9,10.5,5.6,Jun-20,19/06/2020
25,3.9,10.5,71.9,6.4,17.3,10,1018.8,1.2,17.6,9.1,4.3,Jun-20,20/06/2020
25,3.7,10.5,64.2,4.6,16.6,10,1015.4,1,17.5,11.5,5.5,Jun-20,21/06/2020
34,4.6,9,60,7.6,15.4,16,1023.4,1.5,18,8.6,4.3,Jun-20,22/06/2020
40,3.9,11,56.2,10.1,18.2,18,1022.9,1.7,21.6,7.7,4.1,Jun-20,23/06/2020
56,3.7,13,55.3,17.6,31.5,24,1019,2.1,23.7,9.5,4.5,Jun-20,24/06/2020
57,3.7,14,53,15.7,37.7,25,1014.9,2.1,25,10.2,5.2,Jun-20,25/06/2020
53,3.7,15,68,13.6,28.3,21,1007.9,1.6,21.5,8.5,3.9,Jun-20,26/06/2020
25,5,13,77,4.6,18.3,11,1004.1,1.1,17.1,13.8,7.7,Jun-20,27/06/2020
21,3.7,9,69.5,3.5,19.7,10,1008.8,1,15.6,12.4,7,Jun-20,28/06/2020
23,4.6,7,61.1,5.3,18.4,12,1008.7,1.5,16,14.5,7.9,Jun-20,29/06/2020
21,5.5,11.5,79.1,7.5,12.2,10,1006.3,1.9,16.2,7.7,4.1,Jun-20,30/06/2020
21,5.5,13,78.9,7.1,10.8,8,1004.4,1.8,17.1,9.6,4.6,Jul-20,01/07/2020
24,5,12.5,79.5,8.8,11.9,9,1009.9,1.5,16.2,8.6,4.1,Jul-20,02/07/2020
26,5,10.5,79,7,13.3,11,1015,1.4,15.9,11.7,6.6,Jul-20,03/07/2020
22,5.4,15,85.7,4.4,10.6,8,1010,1.2,17.7,11.6,6.3,Jul-20,04/07/2020
23,4.6,8,61,2.7,13.9,11,1010,0.9,18,17.7,8.4,Jul-20,05/07/2020
28,4.6,7,58,6.4,16,12,1019,0.9,16.2,12.8,6.4,Jul-20,06/07/2020
30,4.8,7.5,61,11.5,12.1,12,1019.7,1.8,15.5,6.5,3.3,Jul-20,07/07/2020
24,5.5,15.5,93,8.4,5,9,1014.1,1.6,16.9,5.8,2.4,Jul-20,08/07/2020
24,5.5,15,88.7,6.1,4.6,9,1011.2,1.7,17.2,7.8,4,Jul-20,09/07/2020
19,0.5,8,67,7.3,15.1,8,1017.5,0.6,15.1,10.9,5.4,Jul-20,10/07/2020
25,0.5,7,59.8,7.4,14.8,9,1026,0.8,16.3,7.4,4,Jul-20,11/07/2020
38,1.1,8,55.6,10.5,21.9,12,1027.5,0.4,18.8,4.6,1.8,Jul-20,12/07/2020
26,1,8,59.4,10.1,16.8,11,1023,0.8,20,7.7,4,Jul-20,13/07/2020
25,1.1,11.5,66.7,7.7,15.4,9,1015.9,1.2,17.7,9,4.1,Jul-20,14/07/2020
25,1,10.5,70.8,8.6,10.7,9,1015.6,1,17,7.7,4,Jul-20,15/07/2020
23,1.1,12.5,73.5,7.8,10.6,8,1019.6,0.8,18,9.5,4.6,Jul-20,16/07/2020
34,1.2,12.5,63,11.1,9.3,14,1020.1,0.9,21.8,7.9,3.3,Jul-20,17/07/2020
27,1,11.5,66.3,6.7,10.8,10,1018,1,19.7,8.2,4.1,Jul-20,18/07/2020
23,1.1,13,74.5,5.2,11.9,8,1017.4,1.1,17.5,7.2,3.7,Jul-20,19/07/2020
25,1,6.5,55.8,7,16.1,11,1022.5,0.6,17,8,3.3,Jul-20,20/07/2020
30,1,6,49.8,9.9,17.6,12,1025.3,0.4,18,7.4,3.5,Jul-20,21/07/2020
33,1,8,54.7,9.3,24.7,14,1023.5,0.9,19.3,7.1,3.6,Jul-20,22/07/2020
33,1,9,63,9.6,21.2,14,1016,2.1,19.5,7.5,4.2,Jul-20,23/07/2020
26,1.4,14,73.2,7.8,12,10,1012,2.3,19.7,7.4,3.6,Jul-20,24/07/2020
24,1.9,15,85.8,5.9,10.8,9,1007.5,2.1,17.8,8.6,4.3,Jul-20,25/07/2020
24,1.3,12.5,78.5,5.2,9.8,10,1010.8,1.9,17.2,8.1,3.5,Jul-20,26/07/2020
27,1.3,14,84.7,5.6,10.6,12,1006.9,2.2,17.6,11.1,5,Jul-20,27/07/2020
23,2.3,7.5,58.5,6.4,13.5,10,1013.8,2.2,16.9,11.8,5.6,Jul-20,28/07/2020
29,2.8,8,59,10.9,13.4,11,1019.4,2.5,18.6,5.8,3,Jul-20,29/07/2020
30,2.8,7.5,47,13,16.1,12,1018.4,2.5,21.8,5.7,2.5,Jul-20,30/07/2020
55,3.7,14,55.5,18.1,24.7,26,1011.2,3.3,24.8,8.5,4,Jul-20,31/07/2020
26,2.8,12.5,63.5,5.6,13.5,11,1014.5,2,21.3,9,3.7,Aug-20,01/08/2020
21,2.8,9.5,63.6,5.3,15.4,9,1016,1.7,18.8,8.1,3,Aug-20,02/08/2020
21,2.8,9,59,7.5,16.3,9,1015,1.5,18.1,7.8,3.5,Aug-20,03/08/2020
28,2.8,10,65.5,10.9,16.2,13,1015.9,2.7,18.2,7.4,2.4,Aug-20,04/08/2020
21,2.8,11,66.5,6.4,18.8,10,1012.5,1.9,20.2,10.1,4.1,Aug-20,05/08/2020
25,3.2,16,73.1,9.1,11.9,10,1016.7,1.5,22,5.2,2.8,Aug-20,06/08/2020
51,4,14,48.1,25.7,11.7,23,1017.8,1.7,26.5,5.7,1.5,Aug-20,07/08/2020
63,4,15.5,60,15.5,26,28,1018.6,1.6,24.6,8.8,3.6,Aug-20,08/08/2020
63,3.9,17,68.2,6.9,33.7,24,1017.4,1.6,24.1,10,3.6,Aug-20,09/08/2020
62,4,17.5,63,12.7,33,29,1013.9,1.4,24.7,8.6,3.3,Aug-20,10/08/2020
79,5,18,64.5,20.6,34.6,38,1014,1.2,26.5,4.3,1.8,Aug-20,11/08/2020
89,5,18,66.2,20.1,38.8,42,1013,4.4,25.4,6,3,Aug-20,12/08/2020
67,4.6,18,77.7,10.4,33.3,28,1011.9,5.3,22.3,8.3,3.1,Aug-20,13/08/2020
46,3.7,17,90.1,8.6,20.2,15,1013.3,5,18.4,6.5,2.9,Aug-20,14/08/2020
53,3.9,18,93.3,9.2,12.3,17,1014.2,5.1,18.3,4.3,2.3,Aug-20,15/08/2020
57,4,17.5,88,9.9,15.5,22,1010.5,5.7,19.5,3.4,1.7,Aug-20,16/08/2020
30,3.7,15,82.7,12.4,13.1,12,1007.5,5.3,18.8,5.2,2.6,Aug-20,17/08/2020
22,3.2,14.5,77,7.6,14,9,1008.5,5.5,19.5,8.1,4.1,Aug-20,18/08/2020
25,3.8,16.5,93,9.6,8.7,10,1003.5,3.1,18.8,7.5,4,Aug-20,19/08/2020
35,3.1,14,73,7.8,15.1,18,1002.8,1.4,20.5,9.2,4.8,Aug-20,20/08/2020
34,2.9,13.5,71.2,5,20.9,19,1003,1.7,20,15.8,8.2,Aug-20,21/08/2020
28,2.8,11.5,70.8,5,22.9,13,1011.6,0.9,18.3,12.9,6.7,Aug-20,22/08/2020
24,2.8,12,71.5,4.6,17.5,10,1016,0.8,17.5,11.3,5.7,Aug-20,23/08/2020
25,2.9,12,81.6,8.2,15.1,10,1015.1,1.4,16.8,7.5,4.1,Aug-20,24/08/2020
22,3.1,14,85,4.6,17.6,9,999.6,1.3,17.2,15.9,8.4,Aug-20,25/08/2020
25,3.7,11,65,7.2,19,10,1013.1,1.1,18,16.2,7,Aug-20,26/08/2020
29,3.2,13.5,84.4,11.2,11.6,13,1012,1.9,15.5,7.2,4,Aug-20,27/08/2020
21,3.1,12,87,8.6,12.5,9,1000.5,2.3,14.3,8,3.8,Aug-20,28/08/2020
24,2.8,10,86,4.8,19.1,9,1008.3,1.1,12.7,18.8,9.7,Aug-20,29/08/2020
25,2.5,8,71.5,4.2,22.5,12,1016.7,0.9,14,12.4,4.6,Aug-20,30/08/2020
25,2.7,7.5,71,9.6,15.2,10,1021.1,1,13.4,3.2,2,Aug-20,31/08/2020
47,6,8,69.5,19.2,10.2,16,1020.2,1.5,15.8,4,2,Sep-20,01/09/2020
39,1.3,10,82,16.6,19.1,15,1018.6,1.5,15.6,6.5,3,Sep-20,02/09/2020
31,1.1,15,84.5,8.3,14.3,12,1014.8,1.3,18,8.8,4.6,Sep-20,03/09/2020
30,1.1,10.5,74.3,10.1,13.5,14,1020,1.4,16.1,5.6,3.3,Sep-20,04/09/2020
34,1.1,7.5,70.8,9.7,10.9,13,1020.4,1.3,14.6,8,3.8,Sep-20,05/09/2020
35,1.3,9,73.8,11.1,10.1,12,1020.2,1.1,15.3,5.8,3,Sep-20,06/09/2020
37,1.6,11.5,81.5,13.4,10.2,12,1022.6,1.1,16.7,7.6,3.2,Sep-20,07/09/2020
26,0.7,16,82.2,9.1,11.3,10,1023.5,1.1,19.4,7.1,3.3,Sep-20,08/09/2020
28,0.7,14,77.4,9.9,10.8,12,1022.4,1.4,18,8.4,4.1,Sep-20,09/09/2020
35,1.5,6.5,63,13.5,13.3,15,1023.6,1.1,15,4.6,2,Sep-20,10/09/2020
42,2.7,8,68.7,17.5,10.4,17,1016.8,1.9,15,6.6,3.5,Sep-20,11/09/2020
30,1.8,10,72.4,8.3,15.4,11,1019.3,0.7,16.5,8.3,3.8,Sep-20,12/09/2020
30,1.3,12,76.2,8.4,13.2,11,1023,0.5,17.7,6.3,3.1,Sep-20,13/09/2020
46,2.2,13,73.6,20.6,11.4,19,1021.5,1.1,19.2,5.2,2.5,Sep-20,14/09/2020
82,2.2,16,72.3,26,14,40,1017.4,0.9,22.5,4.6,2.2,Sep-20,15/09/2020
61,0.3,13,73.3,11.6,25.4,26,1023.2,0.6,20.2,10.8,5,Sep-20,16/09/2020
29,2,9.5,72,7.8,19.7,17,1028.1,0.7,15.4,12.8,5.7,Sep-20,17/09/2020
30,1,9,75.2,9.6,17.9,17,1022.5,0.6,15.9,13.1,6.1,Sep-20,18/09/2020
34,1.1,10,69.5,7.8,21.6,19,1017,0.6,17.2,12.6,6,Sep-20,19/09/2020
39,1.1,11,72.1,6.8,22.6,20,1018,0.5,17.5,10.6,4.6,Sep-20,20/09/2020
55,2.7,11.5,82,16.5,15.9,22,1017.6,1.2,15.5,4.2,1.8,Sep-20,21/09/2020
59,3.1,11,76.1,20.9,21.1,24,1009.5,1.8,17.7,6.6,3.5,Sep-20,22/09/2020
34,1.6,13,85.6,10.3,20.6,12,1000,1.8,16.2,8.7,4.2,Sep-20,23/09/2020
21,2.5,7,82.6,12.2,13.2,9,995.6,2.4,11,7.9,3.5,Sep-20,24/09/2020
24,2,5,71,8,15.5,9,1001.5,0.7,10.8,16.9,8.2,Sep-20,25/09/2020
21,2.4,4,71,5.7,17.9,9,1010.2,0.3,10.6,18.8,9.4,Sep-20,26/09/2020
25,1.9,7.5,75.9,4.8,20.9,10,1011.7,0.3,11.6,14.3,6.3,Sep-20,27/09/2020
34,3.2,7,77.5,13.4,11.5,13,1012.8,0.7,13.8,8.1,3.8,Sep-20,28/09/2020
45,3.2,12,87.3,14.7,6.9,14,1014.5,0.7,15.5,5.5,3,Sep-20,29/09/2020
31,2.8,11.5,89.6,11.7,12.3,13,1007.6,1.7,14.4,7.5,3.6,Sep-20,30/09/2020
25,4.3,8,83.7,12.4,12.3,10,997.5,2.5,12.6,5.7,3,Oct-20,01/10/2020
25,1.8,11,92.3,11.4,11.8,9,988.1,1.7,12.2,12.6,6,Oct-20,02/10/2020
30,2.3,11,93,10,14.4,9,986.1,1.1,13.7,9.2,3.6,Oct-20,03/10/2020
17,2,9,93,7,19.4,5,981.9,1.3,10,9.7,4.3,Oct-20,04/10/2020
30,3.5,10,87,11,10.4,10,995,2.2,12.5,9.2,4.3,Oct-20,05/10/2020
21,3,9.5,83.5,9.1,14.7,9,997,2.1,13,11.3,5.1,Oct-20,06/10/2020
25,3.6,7.5,81,12.3,10,10,1013.1,1.5,12.2,8.6,4.5,Oct-20,07/10/2020
25,2.7,12.5,88,10.1,12.4,9,1009.7,1.3,15,10.8,4.8,Oct-20,08/10/2020
34,5.7,7,86.6,18.8,3.8,12,1018.2,2,10,7,2.6,Oct-20,09/10/2020
23,6,6,83.2,12.4,9.8,9,1021.8,0.9,9.8,9.1,4.1,Oct-20,10/10/2020
23,3.2,6,81.6,9.1,11.6,8,1024.6,0.6,10,6.3,3.8,Oct-20,11/10/2020
38,5.3,6.5,90,18.6,4.2,12,1019.2,1.5,10.1,4.1,2.5,Oct-20,12/10/2020
29,3.1,8.5,92.3,12.9,7.2,10,1009.7,1.3,9.5,7.3,3.4,Oct-20,13/10/2020
30,2.9,7.5,87,10.3,13.2,11,1020.7,0.6,10,10.6,4,Oct-20,14/10/2020
23,3.1,6,86.5,11,13,10,1023.9,0.3,9.4,10,4.1,Oct-20,15/10/2020
30,3.3,6.5,85,14.8,9.5,11,1024.1,0.5,10.5,5.5,2.9,Oct-20,16/10/2020
30,3,7,84,10.4,13.5,11,1022.2,0.6,10.2,5.7,2.5,Oct-20,17/10/2020
54,5.3,7,84.5,16.2,3.6,16,1023,0.8,10.5,3,1.5,Oct-20,18/10/2020
51,3.8,6.5,74.4,12.3,15.1,17,1016,3,12.3,11.2,4.8,Oct-20,19/10/2020
46,3.2,11.5,82,8.4,16.9,19,1001.2,5.4,15.3,11.6,4.7,Oct-20,20/10/2020
30,2.7,13.5,93,13.3,10.4,11,996.3,5,14.4,7.5,3.6,Oct-20,21/10/2020
28,2,10,86.7,12.9,17.1,12,1007.9,3.8,13,8.4,4.6,Oct-20,22/10/2020
26,2.4,11,87.3,12.8,15.2,12,1008,1.1,12.2,7.3,4.2,Oct-20,23/10/2020
22,2.2,10.5,87,7.5,21.1,10,1003,1,13,12.1,6.1,Oct-20,24/10/2020
21,2,7,88,9.3,18.8,8,996.2,1.4,10,6.7,3.4,Oct-20,25/10/2020
29,2.2,6.5,84.1,13.3,15.5,12,996.8,1.4,9.5,7,3.8,Oct-20,26/10/2020
26,2.4,8,89.5,11.7,14.8,11,998.5,1.2,10.1,7.6,3.8,Oct-20,27/10/2020
28,2.4,6,83.6,11.1,17.8,12,1001.6,2.6,9.4,9.3,4.3,Oct-20,28/10/2020
30,4.7,10.5,88,10.3,16.1,11,1012,1.9,13.3,10.4,5.2,Oct-20,29/10/2020
25,3.2,13,87.8,9.8,20.1,10,1016,1.6,15,11.9,6.4,Oct-20,30/10/2020
31,2.9,11,84.3,7.8,19,14,1011,0.7,13.8,13.8,6.4,Oct-20,31/10/2020
30,2.8,12.5,85,5.4,17.6,15,1001.5,0.7,16.1,15,7.9,Nov-20,01/11/2020
28,5.9,5.5,74.5,7.2,17.3,11,1004.5,1.4,14.1,17.5,9,Nov-20,02/11/2020
30,6.4,4,80.2,15.4,13.7,13,1018,1,8.3,10.1,5.1,Nov-20,03/11/2020
50,8.5,3.5,86.3,26.2,2.5,19,1033.5,2.6,6,3.3,2,Nov-20,04/11/2020
91,14.5,5,93,28.4,1,38,1038.1,3.9,5.1,2.6,1.5,Nov-20,05/11/2020
114,11.6,4.5,84,25.8,1.3,42,1028.7,3.6,8.4,6.2,3.6,Nov-20,06/11/2020
78,9,9,88,20.8,1.1,31,1019.5,2.6,10.1,4.6,2.6,Nov-20,07/11/2020
94,7.6,12,93,15.7,1,34,1017.5,2.9,13.7,3.4,1.8,Nov-20,08/11/2020
52,5.3,12.5,93,17.2,2.6,16,1019,1.6,13.3,5,2.5,Nov-20,09/11/2020
43,5.3,11,93,18,4,17,1023,0.6,12.4,5.1,2.5,Nov-20,10/11/2020
30,5.1,9.5,88,11.2,10.4,14,1017.5,0.7,12.7,11.3,5.4,Nov-20,11/11/2020
28,5.3,7,81.7,11.3,18.2,14,1013.9,1.1,11,10.4,5.2,Nov-20,12/11/2020
31,4.7,7,82.8,16.3,12,17,1011.5,1.1,11,7.5,3.6,Nov-20,13/11/2020
38,3.2,11,88,7.8,18.9,16,1006.7,0.9,13.8,12.6,6,Nov-20,14/11/2020
24,3.2,6,83.9,5.8,24.3,10,994.6,1.2,11.7,13.6,6.6,Nov-20,15/11/2020
27,5.2,7,81.1,10.3,18.6,12,1014.1,1.1,11.1,13.1,6.1,Nov-20,16/11/2020
27,3.7,10,84.8,9.4,20.9,13,1020.1,0.7,13.3,11.7,6.1,Nov-20,17/11/2020
32,3.7,9,81.8,9,16.7,17,1015.8,0.9,12.7,14.3,7.2,Nov-20,18/11/2020
30,5.1,4,78.5,15,14.2,12,1027.1,0.9,8.8,12.9,6.5,Nov-20,19/11/2020
36,7.2,7.5,90.7,20.1,7.5,13,1032.6,0.6,8.1,7.1,3.7,Nov-20,20/11/2020
24,4.9,7.5,81,8.3,20.4,10,1025.5,0.5,11.6,14.1,6.3,Nov-20,21/11/2020
26,5.3,4.5,82.5,15.1,10.4,10,1026.1,0.6,10,6.8,3.8,Nov-20,22/11/2020
54,7.5,4.5,88,22.9,2.9,20,1026.5,1,8.8,5.1,2,Nov-20,23/11/2020
34,4.7,7.5,85.1,12.1,14.9,14,1016.5,1.5,10.8,9.3,4.3,Nov-20,24/11/2020
50,5.4,8,89.2,14.2,10.1,17,1011.4,1.8,10,6.2,3.2,Nov-20,25/11/2020
55,8.2,4.5,88,23.6,3.5,22,1020.9,1.3,6.6,2.6,1.5,Nov-20,26/11/2020
72,10.6,4,93.1,22.9,0.9,27,1018.4,2.2,3.8,2,1.3,Nov-20,27/11/2020
100,9.7,8,93,21.8,0.9,37,1018.2,2.2,8.8,3.4,2.5,Nov-20,28/11/2020
81,8,6.5,91.6,19.4,3.1,27,1026,1.3,7.7,3,1.8,Nov-20,29/11/2020
55,9.5,6,90.4,14.8,2.2,19,1023.5,1.9,6.8,4.4,3,Nov-20,30/11/2020
28,8.5,2,80.5,14.9,13.1,14,1025.2,0.6,5.7,7.5,4.3,Dec-20,01/12/2020
55,11.3,2,88,24.7,1.8,21,1017.4,4.2,5.5,2.5,1.6,Dec-20,02/12/2020
30,9.5,4,92,21.3,6.5,12,986.8,5.2,5,2.6,2,Dec-20,03/12/2020
34,9.9,2,86.8,17.7,8.3,11,977,5.9,4,6.8,2.4,Dec-20,04/12/2020
34,9.5,2,83.5,15.8,11.1,12,990,4,5,5.4,2.6,Dec-20,05/12/2020
50,9.5,2,92,16,7.3,14,1001.5,2.1,3.3,3,1.8,Dec-20,06/12/2020
57,10.6,2,95,22.2,2.3,17,998.9,3.4,1.6,1.6,1.2,Dec-20,07/12/2020
66,12.7,2.5,93.2,24.3,1,22,1003.5,6.6,2.7,1.5,0.8,Dec-20,08/12/2020
46,10.6,3,89.7,21.5,4.3,17,1005.7,3.5,5.4,4.4,2.5,Dec-20,09/12/2020
42,9.4,5,89,14.7,8.8,17,1000,2.1,6.6,6.4,3.4,Dec-20,10/12/2020
44,9,8,93.5,25.4,4,17,986.3,3.1,8.8,2.2,1.5,Dec-20,11/12/2020
46,7.7,4,87.8,16.1,6.5,15,998.8,2.1,8.1,7.3,3.8,Dec-20,12/12/2020
26,8.4,8,92.5,12.2,10.9,10,1003.8,1.4,7,8,3.6,Dec-20,13/12/2020
30,7.1,8,90.7,12.4,19.8,13,999.7,1.8,10.1,8.4,3.6,Dec-20,14/12/2020
31,7.4,7,91.4,17.1,13.7,15,1006,2.7,8.6,6,2.5,Dec-20,15/12/2020
27,8.3,7,90,13,14.6,12,1007.5,1.7,8.8,7.4,3,Dec-20,16/12/2020
27,7.9,7,88,14.1,14.4,13,1014.7,1.7,9.4,6.5,3,Dec-20,17/12/2020
25,6.6,9,90,7,17.8,11,1010.5,1.2,11.1,12.3,4.8,Dec-20,18/12/2020
30,3.2,6.5,86.6,7.8,20.3,12,1005,1.3,10.3,9.9,4.3,Dec-20,19/12/2020
25,3,5,85.7,8.8,21.2,10,1012.1,1.1,7.9,7,3.8,Dec-20,20/12/2020
19,3.2,8.5,92,8.9,16.7,7,1004.4,1.4,12.4,9,3.3,Dec-20,21/12/2020
31,3.6,9,90,18.6,7.8,11,1011,1.3,11,5.6,2.5,Dec-20,22/12/2020
23,8.1,9,93,14.2,13.5,9,1004.1,0.9,11.2,5.1,2,Dec-20,23/12/2020
21,7.6,1,84,5.8,20.2,7,1022,0.4,4.4,12.5,4.8,Dec-20,24/12/2020
25,9.5,-2,82.3,7.6,17.7,8,1030.1,0.2,2,5.2,2.7,Dec-20,25/12/2020
19,7.4,5.5,87.2,6.1,19,7,1017.4,0.6,8.5,11,4.7,Dec-20,26/12/2020
25,5.8,2,88,7.8,20,9,975,1.2,6.2,10.8,5.4,Dec-20,27/12/2020
43,9.4,1,93,15.1,8.6,12,972.5,1.8,2.2,3.1,2,Dec-20,28/12/2020
50,9,0.5,89,11.8,12,13,989.4,1.4,2.7,5,3.1,Dec-20,29/12/2020
51,10.8,0.5,90.4,20.2,3.5,15,1002.4,2.1,1.9,3.8,2.2,Dec-20,30/12/2020
61,10.6,-1,92,16.5,5.9,17,1005,1,0,3.7,2.5,Dec-20,31/12/2020
68,10.6,0,92.6,13.4,6.4,20,1011,1.6,1.6,4.7,2.9,Jan-21,01/01/2021
33,8.6,0,88.4,10.8,10.1,9,1015.5,0.7,3.3,5,2.8,Jan-21,02/01/2021
34,9.5,1.5,90.5,7.7,11.4,9,1017,0.5,3.3,6.4,3.3,Jan-21,03/01/2021
21,9.5,1,88.2,6.7,15.3,7,1019,0.5,3.5,12,4.5,Jan-21,04/01/2021
21,9.5,1,88.2,8.2,12.4,8,1019.5,0.6,3.3,10.6,3.6,Jan-21,05/01/2021
25,9.5,2,89.4,11.7,8.6,9,1019,0.6,3.3,7.3,3,Jan-21,06/01/2021
59,10.6,-1,91,20.2,3.3,19,1018,1.4,0.7,4.2,2.6,Jan-21,07/01/2021
72,11.9,-1,92.4,18.6,2.5,20,1017.8,1.1,0,2.6,1.8,Jan-21,08/01/2021
59,11.1,-1,93,19.7,5.6,17,1026.3,1.1,0.5,3,1.5,Jan-21,09/01/2021
61,12,-1,94,16.2,6.3,17,1025.2,1.3,1.3,4.3,2.8,Jan-21,10/01/2021
29,10,4,86.6,11.7,15.9,10,1016.9,1.8,7.6,9.1,4.4,Jan-21,11/01/2021
25,7.2,5,90.3,16,16,7,1013.6,1.4,7,7.3,3.7,Jan-21,12/01/2021
51,11.6,5,94,23.4,2.3,16,1017.7,2.7,6,2.9,2,Jan-21,13/01/2021
25,8.9,3.5,94,15.7,11.3,7,1015.5,1.7,4.4,6.5,3.4,Jan-21,14/01/2021
57,11.4,0,92.4,21,3.6,19,1030,1.9,1.3,3.8,1.8,Jan-21,15/01/2021
38,11.7,4,90,14.3,9.6,11,1017.9,2.7,5.7,6.8,3.3,Jan-21,16/01/2021
30,9.6,2,82.5,10.9,16.3,13,1024.2,2.1,5.7,5.6,3.6,Jan-21,17/01/2021
30,10.8,3.5,89.4,15.9,12.9,13,1021.6,2.9,6.1,5,2.2,Jan-21,18/01/2021
17,7.8,8,88.9,7,23,7,1004.6,3.7,10.5,12,4,Jan-21,19/01/2021
25,7.1,7,90.4,6.4,23.4,9,988.5,3.2,9.9,13.3,5,Jan-21,20/01/2021
25,6.8,2,80,10.7,20.6,10,985,2,6,8.7,3.4,Jan-21,21/01/2021
34,10.4,1,86.2,18.5,10.9,12,992.8,1.8,4,3.4,1.6,Jan-21,22/01/2021
38,9.7,0,89,18.6,10.9,12,994.7,1.2,1.9,3,2,Jan-21,23/01/2021
46,10.6,-1,92,20.2,8.2,12,996.6,1.5,0.5,2.8,2.5,Jan-21,24/01/2021
45,10.4,-1.5,85.5,22.5,10,13,1009.9,2.3,1.1,4.8,1.8,Jan-21,25/01/2021
38,4.6,2.5,89,19.3,11.8,11,1016.4,1.1,4.3,3.6,2,Jan-21,26/01/2021
42,8.5,7,94,20.3,6.5,13,1010.8,2.2,8.5,2.1,1,Jan-21,27/01/2021
28,6.8,9,92.6,13.2,13,10,1001.1,1.4,10.6,6.3,2.2,Jan-21,28/01/2021
27,6.8,6.5,88.5,12.4,16.3,11,996.9,1.4,9.1,6.8,2.7,Jan-21,29/01/2021
28,8.5,3,92,9.5,12.5,9,997.2,1.3,4.4,10.6,3.3,Jan-21,30/01/2021
38,10.6,-0.5,85.7,12.1,9.5,13,998.4,2.2,2.7,4.7,2,Jan-21,31/01/2021
56,9.5,2,91.8,13.9,6.7,16,998,1.5,3.8,3.8,2,Feb-21,01/02/2021
44,7.7,6.5,89.8,11.4,15,16,994,0.6,10.4,7.3,2.6,Feb-21,02/02/2021
34,9.5,5.5,85.7,16.8,13.1,16,994.5,0.7,8.4,4,2.2,Feb-21,03/02/2021
34,8.5,6.5,93,17.3,10.6,14,1008,0.8,7.5,3.3,1.8,Feb-21,04/02/2021
29,8.5,5.5,90.6,15.4,15.2,11,1008.1,0.7,7.5,3.1,1.8,Feb-21,05/02/2021
41,8.2,5,92,13.3,9.2,12,1006.6,0.7,6.1,3.5,1.8,Feb-21,06/02/2021
30,9.5,-1,87.2,4.4,26.4,12,1003.9,0.6,1,12.2,5.1,Feb-21,07/02/2021
30,11.4,-4.5,86.1,8,23.6,9,1003,0.6,-1.6,10.6,3.6,Feb-21,08/02/2021
25,10.9,-4,85.2,10.7,21.5,10,1006.8,0.6,-0.5,8,2.8,Feb-21,09/02/2021
25,11.6,-5,77.6,11.6,21.7,10,1016.2,0.4,-0.4,7.4,2.8,Feb-21,10/02/2021
54,12.6,-5.5,77,15.6,16.8,18,1027.1,1.3,-1,7.4,2.5,Feb-21,11/02/2021
54,13.7,-7,68.3,12.3,18.6,21,1030.4,1.4,-0.7,11.7,4.5,Feb-21,12/02/2021
46,13.3,-9,60.7,9.8,21.3,18,1032.3,0.9,-0.3,9,2.6,Feb-21,13/02/2021
46,12.8,-5,65.5,8.6,22.7,18,1026,1.2,3,9.6,3.4,Feb-21,14/02/2021
40,10.1,6.5,90.6,13,14.2,14,1018,1.4,8.9,5.4,2,Feb-21,15/02/2021
34,9.3,7,88.4,11.3,18.7,14,1009,1.8,9.4,6.9,2.5,Feb-21,16/02/2021
30,8.5,7,88.7,8.3,23.7,15,1009.9,1.9,10,10,3.6,Feb-21,17/02/2021
25,6.8,4,80.8,9.9,24.1,13,1003.6,1.4,8.8,9,3.4,Feb-21,18/02/2021
29,4.9,5,85,9.2,23.3,14,1008,7.2,9.4,10.2,3.5,Feb-21,19/02/2021
55,4.7,6,69,7.1,22.5,29,1003.3,7.2,13,9.3,3.5,Feb-21,20/02/2021
54,3.6,7,80,10.7,17.3,24,1008.6,7.1,11.6,4.3,1.8,Feb-21,21/02/2021
63,6.4,8,88.5,22.5,4.1,26,1014.2,6.9,9.6,2.2,1,Feb-21,22/02/2021
35,5.3,5.5,74,9.4,18.2,14,1023,7.2,12.1,10.4,3.7,Feb-21,23/02/2021
35,4.6,6.5,72.2,9.1,20.3,18,1022.5,8.2,12.7,9,3.3,Feb-21,24/02/2021
38,4.3,6,76,17.6,15.9,17,1026.8,6.8,10.5,4,2,Feb-21,25/02/2021
50,6.7,1,75,23.4,7.1,20,1037.2,1.9,6.6,2.5,1.5,Feb-21,26/02/2021
69,7,3,79,24.5,8.6,26,1040.5,1.8,6.4,2,1.4,Feb-21,27/02/2021
65,5.6,3,89,11.7,16.6,21,1037.5,6.8,4.8,3.5,1.8,Feb-21,28/02/2021
81,6.3,3.5,87,12.7,12.8,30,1031.6,7.6,5.1,6,2.5,Mar-21,01/03/2021
103,5.8,3,88.3,14.7,5.3,40,1029.8,7.2,5,3.5,1.6,Mar-21,02/03/2021
110,7.4,5,94,21.6,0.7,41,1027.6,2.2,5.5,2.6,1.2,Mar-21,03/03/2021
44,8.5,2.5,89,12.4,14.2,16,1024.6,1.7,5,5.2,2.3,Mar-21,04/03/2021
25,8.9,-2,68.7,10.4,24.7,13,1032.2,1.5,4.1,6.5,2.7,Mar-21,05/03/2021
30,7.4,-1,75.7,12.6,20.8,12,1033.8,1.4,3.7,3.5,1.9,Mar-21,06/03/2021
55,8.5,-4,68.1,14.5,20.3,19,1027.3,1.5,3,2.4,1.5,Mar-21,07/03/2021
87,10.1,0.5,73,27.9,3,36,1023.8,2.5,5.8,2.1,1.6,Mar-21,08/03/2021
60,8.5,1,69.3,18.5,11.7,24,1019.7,2.3,7,4.6,2,Mar-21,09/03/2021
42,5.8,5,86,7.8,24,17,1008,2.2,7.7,12.1,4.5,Mar-21,10/03/2021
30,6.4,3.5,72.6,6.6,22.8,15,995.9,2.5,10,15,6,Mar-21,11/03/2021
25,7.4,2.5,79,8.7,23,13,1001.4,2.3,7.5,10,3.5,Mar-21,12/03/2021
21,6.8,0.5,73.1,6.8,27.4,9,995,2.5,6.6,12.9,4.7,Mar-21,13/03/2021
25,6.6,3,78,6.9,22.1,9,1014,2.1,8.1,9.6,4,Mar-21,14/03/2021
38,5.4,4.5,78,12.4,25.2,13,1020.6,2.3,9,6.8,3.2,Mar-21,15/03/2021
39,4.3,4.5,78.9,11.7,18.3,17,1026.2,2.2,8.3,7,2.6,Mar-21,16/03/2021
42,6.9,3,80.5,11.5,20.1,22,1032.7,1.4,7,6,2.9,Mar-21,17/03/2021
45,7.4,4,87,12.6,16,19,1028.8,1.3,7.7,6.6,3,Mar-21,18/03/2021
25,8.2,1,75.6,8.6,23.4,10,1028.5,1.2,7.1,7.6,3,Mar-21,19/03/2021
42,7.9,4,81,13.9,15.3,14,1031.2,1.3,8.6,3,1.4,Mar-21,20/03/2021
34,7,2,75.6,6.5,20.7,12,1028.4,1.1,8.2,6.5,2.6,Mar-21,21/03/2021
56,9.5,3,75,20.4,13.2,22,1026.1,1.4,8.3,3.6,1.5,Mar-21,22/03/2021
61,1.1,3,76.1,18.6,12.7,25,1024,1.1,7.8,5.3,2.1,Mar-21,23/03/2021
60,1,5,81,14.9,18.3,27,1020.6,1.1,9.9,4.2,1.7,Mar-21,24/03/2021
30,0.4,6,84.6,12.3,18.9,14,1018.6,1.1,9.4,6.4,2.5,Mar-21,25/03/2021
25,0.3,6,82.4,9.5,25.4,13,1010.4,1.2,9.4,8.7,3.4,Mar-21,26/03/2021
25,,1,74.6,7.2,24.6,13,1022,1.1,8.6,9.1,3.2,Mar-21,27/03/2021
33,,6,78.1,5.7,29.2,17,1022.7,1,10.4,10.8,3.9,Mar-21,28/03/2021
38,0.3,5.5,71.8,10.6,26.6,18,1026.6,1.1,11,7.6,2.6,Mar-21,29/03/2021
57,5.5,3.5,57.8,30.3,9.2,26,1027.9,1.4,14,4.1,1.7,Mar-21,30/03/2021
76,5.5,7,62,38,2.7,41,1020,2.1,15.3,2,1,Mar-21,31/03/2021
55,6.4,6,76,9.4,21.3,30,1025,0.7,10.5,10.1,3.7,Apr-21,01/04/2021
23,7.8,0.5,69,4.7,29.9,11,1030,0.5,6.8,10.6,4.1,Apr-21,02/04/2021
34,8.3,0.5,67.7,4.9,31.1,18,1031.6,0.6,6.9,9.7,3.5,Apr-21,03/04/2021
46,8.6,1.5,67.5,8.5,27.2,20,1026.5,0.9,9.2,4.1,2,Apr-21,04/04/2021
27,9.5,-7.5,55,5.8,26.6,13,1018.6,0.6,6.6,10.4,5,Apr-21,05/04/2021
19,10.6,-5,60.2,9.2,19.6,10,1020.3,0.7,3,8.2,3.9,Apr-21,06/04/2021
25,11.6,-4.5,56.8,13.7,17.1,11,1023.4,0.9,5,5.6,2.7,Apr-21,07/04/2021
27,10.9,-2.5,62.5,12.7,16.4,14,1021.7,1.3,8,5.8,2.6,Apr-21,08/04/2021
26,10.6,2.5,74,11.7,18.9,12,1013,1.3,8.5,5.7,2,Apr-21,09/04/2021
27,9.5,2,75,7.7,23.8,12,1013,1,6.3,8,3.2,Apr-21,10/04/2021
23,10.6,-2,73.5,7.8,23.9,9,1018.6,0.7,4,5.8,2.4,Apr-21,11/04/2021
34,11.6,-2,71.5,18.8,14.2,13,1028.4,0.9,4.2,2.8,1.3,Apr-21,12/04/2021
52,12.7,-3,62.1,27.9,8.9,22,1032.3,1.7,7.6,2.8,1.5,Apr-21,13/04/2021
42,10,0,62.5,16,21.6,19,1032.5,0.8,6.9,6,2.2,Apr-21,14/04/2021
24,9,0,72.1,11.5,23.1,12,1032.8,0.7,6.2,5.7,2.1,Apr-21,15/04/2021
33,9.5,-1,67.8,14.3,20.8,14,1031,0.6,6.5,3.2,1.5,Apr-21,16/04/2021
30,10.7,-1.5,54,13.8,23.6,12,1028.9,0.6,7.5,4.3,2,Apr-21,17/04/2021
32,10.9,-1,57.2,14.2,24,13,1024.8,0.7,9,4,1.6,Apr-21,18/04/2021
58,9.5,3.5,68.8,19.9,16.3,26,1021.3,1.1,10.2,3.8,1.8,Apr-21,19/04/2021
76,9.1,5.5,73.2,24,17.3,34,1018,1.4,10.8,3.8,1.8,Apr-21,20/04/2021
69,9.1,5,72.4,16.2,20.7,38,1021,1,8.6,7,3.2,Apr-21,21/04/2021
34,9.9,1.5,69.7,10.6,23,20,1027.2,1.1,7.3,7.6,3.5,Apr-21,22/04/2021
37,9.5,2,63.1,14.7,18.8,18,1028.6,1.4,9,6.6,2.8,Apr-21,23/04/2021
44,9.2,2,65.5,13.1,25.1,18,1027.5,1.1,9.6,8,3,Apr-21,24/04/2021
30,8.5,2,70,5.9,28.1,13,1028,0.7,7.6,10,3.9,Apr-21,25/04/2021
25,9.5,0,65,8.3,29.5,14,1021.5,0.7,6.5,8.6,3.3,Apr-21,26/04/2021
50,11.4,1.5,60,18.6,21.1,23,1009.5,1.1,10,4.1,2,Apr-21,27/04/2021
58,8.8,2,68.4,13.3,22.7,28,1005.9,0.8,8.7,6.6,2.8,Apr-21,28/04/2021
32,5,0,63.3,9.8,27.4,14,1010.9,0.3,8.3,8.4,3.6,Apr-21,29/04/2021
40,3.4,1,65.5,14.1,21.1,16,1014.5,0.6,8.5,3.8,1.7,Apr-21,30/04/2021
45,3.2,2,68.5,10.6,24.3,16,1015.8,1.1,8.5,4.4,2.1,May-21,01/05/2021
53,4.5,2.5,66,13.9,22.1,18,1020,0.5,9.8,3.6,1.5,May-21,02/05/2021
28,2.7,3,73.5,7.1,29.1,14,1015,0.4,9.6,12.5,3.8,May-21,03/05/2021
20,3.2,2,67.6,7.2,26.9,10,1000,1,9.5,15.2,5.8,May-21,04/05/2021
20,5.4,1.5,76.6,11.6,18.5,8,1009,1,6.5,7,2.7,May-21,05/05/2021
25,5.5,0.5,70.4,13.3,15.2,10,1006.5,1.1,8.3,5.3,2.5,May-21,06/05/2021
26,6.4,-1,53.6,11,20.1,13,1015.7,0.8,9.8,6.5,2.5,May-21,07/05/2021
28,0.8,8.5,78.3,7.8,18.1,13,1003.8,1,12.9,9.3,3.6,May-21,08/05/2021
24,0.5,10,72.1,6.2,17.1,10,996.9,1,16.5,7.4,2.6,May-21,09/05/2021
26,1.1,6,74.6,7.7,22.1,13,999.9,1.5,13.4,8.4,3.1,May-21,10/05/2021
26,1.9,6.5,73.5,10.8,19.3,13,1007,1.8,12.4,6.9,2.5,May-21,11/05/2021
28,2.3,5,63.2,8.1,25.2,14,1008.3,2.1,13.5,5.7,2.2,May-21,12/05/2021
35,1.1,8.5,85.4,14.7,15.6,14,1006,1.7,11.1,5.3,2.2,May-21,13/05/2021
41,1.1,6,81.1,11,22.6,14,1008.8,0.7,10.1,4.8,2.1,May-21,14/05/2021
34,1.8,8,85.1,10.9,21.9,13,999.9,1.4,10.6,3.4,1.6,May-21,15/05/2021
25,1,8,89.3,8.3,21.9,10,998,1.3,11.1,4.2,2,May-21,16/05/2021
31,3.2,8.5,88.4,12.8,15.4,10,1005.5,1,11,4.8,1.8,May-21,17/05/2021
30,2.2,8,84.8,12.8,12,11,1013,2.1,11.5,3.6,1.9,May-21,18/05/2021
23,4.3,6,77.7,11.5,18.8,9,1017,0.8,11.1,4.3,2.1,May-21,19/05/2021
28,2.2,7,78.8,9.9,18.3,15,1014,2,12,11,4,May-21,20/05/2021
34,1.4,7,79,5.6,25.7,16,996.2,2.2,11.3,16.3,8.2,May-21,21/05/2021
24,1.9,7,82.5,8.8,16.9,8,1004,1.4,10.2,8.1,3.8,May-21,22/05/2021
22,1.9,5,79.6,6.4,21.3,10,1009,1.2,10.8,9.3,4,May-21,23/05/2021
21,1.7,6.5,84,9.6,25.6,9,1002.5,2.2,10.2,7.1,3.4,May-21,24/05/2021
25,1.7,6,80.5,9.8,16.4,10,1013.3,1.7,10.8,9.8,5.2,May-21,25/05/2021
30,3.2,6,76.4,12.3,15.9,11,1014,1.1,12.2,7,4.1,May-21,26/05/2021
43,2.8,8,68.3,16.5,16.2,16,1020,1.1,15.5,4,2.3,May-21,27/05/2021
53,1.9,9,72.5,17.7,17.2,21,1023,1.7,15.1,4.5,2,May-21,28/05/2021
55,1.7,9,70,12.4,22.3,20,1026.6,1.1,15,5.8,3,May-21,29/05/2021
53,0.9,8.5,82.8,6.6,29.2,17,1027.9,3.7,11.5,8,3.2,May-21,30/05/2021
59,1.1,9,72.8,8.6,27.4,22,1021.6,1.1,15.5,7.6,3.3,May-21,31/05/2021
55,1.4,9,57.6,12.8,30.6,22,1015,1.1,19.1,8,3.5,Jun-21,01/06/2021
57,1.2,10,61.8,17.4,29.2,24,1013,1.8,20.5,7,3.6,Jun-21,02/06/2021
55,1.2,12.5,69.3,9.4,23.4,23,1018.4,1,19.5,6.4,2.5,Jun-21,03/06/2021
38,1.7,13,89,10.4,14.3,13,1022.8,0.3,14.5,4.5,2.7,Jun-21,04/06/2021
42,1.1,9.5,65.2,8.6,17.8,15,1024.1,0.7,17.9,4.6,2,Jun-21,05/06/2021
34,1.1,12,73,9.7,15,13,1024.4,0.7,18.8,3.8,2,Jun-21,06/06/2021
34,1.1,12,71.6,9.3,16.6,12,1024,1,19,4.6,2.3,Jun-21,07/06/2021
36,1.1,11,62.7,10.7,14.8,15,1023,1,19.6,4.2,1.8,Jun-21,08/06/2021
32,1.3,10,65,9.6,18.4,14,1021.6,1,20.9,5.7,2.4,Jun-21,09/06/2021
30,1.1,14.5,77.5,7.6,8.8,13,1020.8,1.1,19.5,5.8,2.2,Jun-21,10/06/2021
29,0.7,13.5,77,7.1,9.3,12,1019.7,1,19.5,6.8,2.7,Jun-21,11/06/2021
35,0.3,11,65.3,6.8,19.5,14,1023.2,0.6,19.4,6.5,3,Jun-21,12/06/2021
50,0.7,12,57.5,9.7,23.6,19,1026.3,0.6,21.9,4.4,1.7,Jun-21,13/06/2021
41,1.3,12.5,62.2,9.6,23.9,17,1020.7,1.1,22.5,6.7,2.8,Jun-21,14/06/2021
34,1,11.5,64,9.1,20.2,18,1021.1,1.1,19.5,7,3.2,Jun-21,15/06/2021
47,1,13.5,67.9,14.3,21.9,20,1011.7,1.3,21.9,5.8,2.3,Jun-21,16/06/2021
50,1.5,17,91,9.9,15.3,17,1010.1,0.9,18.8,5.6,2.4,Jun-21,17/06/2021
21,1.9,13.5,93,6.9,18,8,1012.7,1.1,14.6,7.4,3,Jun-21,18/06/2021
22,2.2,11.5,88.4,5.5,18,10,1013.3,1.1,13.8,4,1.8,Jun-21,19/06/2021
28,2.2,13,90,4.6,17.5,10,1008.7,1.3,14.5,5,1.8,Jun-21,20/06/2021
28,1.9,10,85.5,5.5,22.6,10,1010.8,1.3,12.7,10.8,4.2,Jun-21,21/06/2021
29,1.1,7,69.2,4.7,20.4,13,1019.2,0.6,13.2,9.6,3,Jun-21,22/06/2021
34,1.1,7,62.4,9.2,19.5,14,1023.2,1,15.6,4.7,1.9,Jun-21,23/06/2021
49,2.2,10.5,73.5,14.3,11.2,19,1020.7,1.6,18.3,4,1.6,Jun-21,24/06/2021
30,1.9,12.5,75.3,8.9,13.9,12,1015.5,1.7,16.9,4.8,1.4,Jun-21,25/06/2021
34,1.9,13,72,8,14.5,12,1017.3,1.5,17.5,3.8,1.5,Jun-21,26/06/2021
57,2.2,15,87,5.4,21.3,20,1014.9,1.5,16.9,7.8,3.1,Jun-21,27/06/2021
42,2.2,16,93,8.1,15,15,1013.8,1.7,16.7,4.6,1.5,Jun-21,28/06/2021
45,1.4,12.5,83,6.5,13.7,16,1014.5,1.7,16,6.4,2.4,Jun-21,29/06/2021
30,1.4,11,77.2,7.4,15.6,11,1016.6,1.7,15.2,5.2,2.6,Jun-21,30/06/2021
47,10.5,10,64,10.5,16.5,18,1017.1,1.9,18,4.5,2,Jul-21,01/07/2021
55,11.4,12.5,70,12.8,13.3,21,1015,2.6,19.8,3.5,1.7,Jul-21,02/07/2021
34,11.4,15,81.2,8.6,15.7,13,1011,2.2,18,4.9,2.1,Jul-21,03/07/2021
22,10.7,14,85,5,11.8,10,1006.4,2.5,16.8,5.8,2.3,Jul-21,04/07/2021
25,1.1,11.5,79.5,6.3,15.8,13,1004.1,3.3,16.1,5.9,2.7,Jul-21,05/07/2021
23,1.1,12,84.5,6.5,16.4,11,996.5,2.9,15.3,8.8,3.3,Jul-21,06/07/2021
32,1.1,12.5,80.1,6.9,13.8,13,1010,2.1,16.8,7,2.6,Jul-21,07/07/2021
34,7.7,13,77.6,9.5,14.3,13,1019.7,2.2,18.6,4.2,1.9,Jul-21,08/07/2021
40,7.8,14,70.9,10.7,9.6,16,1020.7,1.4,19,4,1.8,Jul-21,09/07/2021
28,6.4,12,76.5,12.5,10.9,12,1016.3,0.6,16.2,2,1,Jul-21,10/07/2021
31,6,12.5,77.6,9.1,12.2,11,1015.4,0.5,17.1,3.2,2,Jul-21,11/07/2021
28,4.9,14,90.1,11,10.6,11,1011,0.6,16.6,3.2,1.6,Jul-21,12/07/2021
38,4.3,14,80,8.3,16.6,16,1014.8,0.7,18,5,2.3,Jul-21,13/07/2021
34,4.5,13,72,8.1,15.9,14,1017.8,1,19,7,2.6,Jul-21,14/07/2021
28,4.3,13,74,6.9,12.4,12,1022,0.9,18.4,6.8,2.7,Jul-21,15/07/2021
34,5,11.5,66.5,6.9,15.4,16,1026.6,1,19.7,5.2,2,Jul-21,16/07/2021
30,4.9,14,64.5,7.9,15.4,12,1028.3,1,21.5,5.1,2,Jul-21,17/07/2021
43,5.2,15,63.6,13.4,18,17,1024.9,0.5,24.4,4,1.4,Jul-21,18/07/2021
48,5.1,16.5,65.5,15.6,17.6,23,1020.7,1.1,23.7,4,1.5,Jul-21,19/07/2021
53,4.7,17,75.2,16.2,19.4,27,1020,0.8,22.6,4.3,2,Jul-21,20/07/2021
61,4.4,17,66.6,16.2,20.5,31,1022.1,1.1,23.5,4,1.5,Jul-21,21/07/2021
55,4.5,15,62.7,13.8,22.5,31,1023.2,1.1,21.9,4.1,2.5,Jul-21,22/07/2021
38,3.8,14,73.4,8,19.3,17,1017.4,1,18.3,7.1,2.6,Jul-21,23/07/2021
57,3.2,16,84,8.6,18.7,24,1008.3,1,17.8,6,2.2,Jul-21,24/07/2021
55,2.5,16.5,90.1,8.5,18.8,21,1007.3,1,17.6,3.1,1.5,Jul-21,25/07/2021
55,1.9,15.5,82.5,9.8,16.5,23,1010.1,1.2,19.6,2.3,0.8,Jul-21,26/07/2021
32,2,14.5,79.5,8.6,21.5,14,1009,1.6,18.5,4.4,1.3,Jul-21,27/07/2021
27,4.5,13.5,88,7.1,13.8,11,1007,1.6,16.6,5.6,1.5,Jul-21,28/07/2021
26,6.7,10,67,6.2,11.9,13,1010,2.2,17,7,2.2,Jul-21,29/07/2021
26,5.8,12.5,82.2,6.6,13.5,13,1003.8,1.5,16.1,9.2,2.6,Jul-21,30/07/2021
