date, pm25, pm10, o3, no2, so2, co
2021/7/1, 59, 25, 34, 29, 2, 10
2021/7/2, 72, 17, 25, 22, 1, 10
2021/7/3, 50, 12, 22, 17, 2, 10
2021/7/4, 37, 16, 26, 7, 3, 4
2021/7/5, 37, 14, 21, 6, 3, 1
2021/7/6, 33, 16, 23, 12, 2, 1
2021/7/7, 29, 17, 23, 28, 1, 6
2021/7/8, 48, 20, 27, 28, 1, 7
2021/7/9, 56, 17, 17, 23, , 6
2021/7/10, 52, 17, 28, 18, , 6
2021/7/11, 51, 14, 21, 25, , 4
2021/7/12, 45, 20, 29, 23, , 3
2021/7/13, 53, , , , , 
2021/6/1, 72, 32, 53, 32, 4, 
2021/6/2, 74, 30, 36, 23, 1, 1
2021/6/3, 76, 21, 18, 29, , 1
2021/6/4, 59, 21, 40, 22, , 1
2021/6/5, 62, 17, 25, 17, , 1
2021/6/6, 53, 19, 27, 18, , 
2021/6/7, 50, 19, 37, 23, , 
2021/6/8, 46, 21, 35, 22, 1, 
2021/6/9, 42, 19, 18, 15, 1, 
2021/6/10, 39, 15, 21, 14, , 
2021/6/11, 42, 13, 33, 10, , 
2021/6/12, 36, 19, 40, 17, , 
2021/6/13, 42, 14, 28, 16, , 
2021/6/14, 46, 17, 20, 15, 1, 
2021/6/15, 40, 24, 38, 26, 1, 
2021/6/16, 52, 21, 21, 18, , 1
2021/6/17, 57, 16, 21, 20, , 1
2021/6/18, 51, 15, 21, 16, , 1
2021/6/19, 51, 14, 20, 12, , 1
2021/6/20, 43, 13, 25, 14, 1, 1
2021/6/21, 34, 15, 27, 14, , 1
2021/6/22, 36, 15, 35, 22, , 1
2021/6/23, 49, 24, 22, 22, 1, 1
2021/6/24, 39, 16, 27, 20, 1, 1
2021/6/25, 43, 18, 29, 18, , 1
2021/6/26, 42, 21, 30, 15, , 1
2021/6/27, 54, 18, 21, 18, , 1
2021/6/28, 50, 22, 12, 25, , 1
2021/6/29, 50, 15, 22, 23, , 1
2021/6/30, 36, 21, 30, 25, 4, 6
2021/5/1, 69, 23, 36, 19, 1, 4
2021/5/2, 73, 19, 40, 14, 1, 2
2021/5/3, 25, 15, 32, 17, 2, 2
2021/5/4, 27, 14, 27, 22, 2, 5
2021/5/5, 20, 15, 29, 24, 7, 6
2021/5/6, 24, 19, 32, 24, 7, 5
2021/5/7, 24, 16, 25, 13, , 1
2021/5/8, 29, 14, 18, 14, , 
2021/5/9, 25, 15, 30, 20, 1, 1
2021/5/10, 42, 18, 37, 25, 2, 1
2021/5/11, 45, 19, 35, 25, 1, 2
2021/5/12, 61, 18, 24, 29, 1, 
2021/5/13, 56, 15, 30, 23, 1, 1
2021/5/14, 63, 18, 30, 25, 1, 1
2021/5/15, 41, 15, 28, 18, 1, 1
2021/5/16, 25, 15, 25, 25, 1, 3
2021/5/17, 40, 20, 25, 26, 2, 1
2021/5/18, 43, 17, 30, 22, 1, 4
2021/5/19, 37, 23, 30, 23, 1, 1
2021/5/20, 43, 22, 30, 20, 2, 1
2021/5/21, 48, 13, 27, 20, 3, 3
2021/5/22, 39, 14, 34, 18, 3, 1
2021/5/23, 34, 15, 27, 25, 2, 2
2021/5/24, 34, 17, 23, 23, 2, 2
2021/5/25, 41, 16, 30, 23, 3, 3
2021/5/26, 40, 17, 36, 28, 3, 2
2021/5/27, 47, 25, 30, 34, 4, 1
2021/5/28, 60, 25, 38, 20, 4, 1
2021/5/29, 69, 23, 35, 13, 3, 
2021/5/30, 65, 26, 42, 16, 3, 
2021/5/31, 70, 28, 54, 24, 3, 1
2021/4/1, 89, 18, 33, 16, , 7
2021/4/2, 45, 22, 35, 16, , 7
2021/4/3, 49, 26, 36, 19, , 8
2021/4/4, 58, 21, 32, 16, , 9
2021/4/5, 53, 14, 29, 14, , 10
2021/4/6, 32, 19, 28, 23, , 10
2021/4/7, 41, 24, 28, 23, 2, 10
2021/4/8, 42, 19, 30, 23, 2, 9
2021/4/9, 46, 17, 29, 18, , 8
2021/4/10, 45, 13, 32, 16, , 9
2021/4/11, 42, 20, 30, 27, 1, 11
2021/4/12, 53, 30, 28, 39, 2, 12
2021/4/13, 68, 26, 34, 26, , 8
2021/4/14, 60, 17, 31, 21, , 8
2021/4/15, 33, 19, 34, 26, , 9
2021/4/16, 33, 17, 31, 21, , 10
2021/4/17, 31, 19, 31, 22, , 10
2021/4/18, 35, 35, 33, 33, 1, 6
2021/4/19, 52, 43, 27, 36, 1, 7
2021/4/20, 76, 54, 30, 31, 1, 8
2021/4/21, 137, 26, 29, 25, 1, 9
2021/4/22, 54, 24, 29, 30, 1, 9
2021/4/23, 52, 24, 39, 23, 1, 8
2021/4/24, 58, 19, 35, 13, , 7
2021/4/25, 47, 16, 35, 16, 1, 9
2021/4/26, 37, 29, 34, 33, 1, 10
2021/4/27, 63, 33, 39, 24, 2, 8
2021/4/28, 62, 21, 32, 24, 2, 4
2021/4/29, 43, 20, 35, 29, 1, 3
2021/4/30, 40, 23, 37, 23, 1, 2
2021/3/1, 95, 48, 13, 19, 7, 5
2021/3/2, 126, 56, , 25, 5, 8
2021/3/3, 157, 36, 30, 24, 1, 7
2021/3/4, 91, 19, 28, 20, 1, 8
2021/3/5, 46, 19, 28, 24, 1, 7
2021/3/6, 46, 30, 30, 25, 1, 5
2021/3/7, 66, 37, 17, 38, 3, 3
2021/3/8, 99, 38, 30, 30, 2, 8
2021/3/9, 73, 25, 27, 20, 2, 5
2021/3/10, 63, 22, 28, 18, 2, 5
2021/3/11, 46, 22, 31, 22, 2, 7
2021/3/12, 38, 18, 31, 16, 2, 6
2021/3/13, 44, 18, 27, 15, 2, 6
2021/3/14, 38, 23, 32, 14, 1, 2
2021/3/15, 51, 27, 26, 21, 2, 5
2021/3/16, 52, 30, 24, 29, 1, 6
2021/3/17, 56, 26, 24, 32, , 6
2021/3/18, 59, 18, 30, 20, 1, 7
2021/3/19, 42, 19, 21, 30, 1, 7
2021/3/20, 63, 18, 31, 16, 1, 7
2021/3/21, 53, 29, 25, 25, 2, 6
2021/3/22, 68, 30, 29, 30, 1, 1
2021/3/23, 70, 38, 26, 28, , 
2021/3/24, 74, 21, 31, 27, 1, 
2021/3/25, 47, 18, 30, 24, , 
2021/3/26, 38, 23, 32, 18, , 
2021/3/27, 38, 22, 34, 12, , 
2021/3/28, 44, 26, 33, 26, , 
2021/3/29, 49, 36, 40, 44, 1, 2
2021/3/30, 74, 51, 23, 50, 2, 2
2021/3/31, 99, 41, 30, 24, 1, 6
2021/2/1, 61, 21, 28, 18, 1, 6
2021/2/2, 50, 19, 25, 22, , 9
2021/2/3, 50, 18, 18, 13, , 7
2021/2/4, 54, 16, 21, 13, 1, 8
2021/2/5, 51, 18, 15, 18, , 7
2021/2/6, 66, 16, 28, 8, , 9
2021/2/7, 49, 12, 26, 12, , 10
2021/2/8, 35, 10, 26, 11, , 10
2021/2/9, 24, 14, 26, 19, , 11
2021/2/10, 30, 28, 21, 27, 1, 11
2021/2/11, 67, 29, 24, 25, 1, 13
2021/2/12, 73, 22, 26, 18, 1, 13
2021/2/13, 57, 24, 27, 15, , 12
2021/2/14, 64, 21, 24, 23, 1, 9
2021/2/15, 55, 19, 25, 25, 2, 9
2021/2/16, 54, 19, 31, 18, 1, 4
2021/2/17, 45, 17, 29, 20, 1, 4
2021/2/18, 41, 18, 28, 21, 3, 3
2021/2/19, 39, 35, 29, 21, 6, 4
2021/2/20, 64, 29, 26, 20, 6, 4
2021/2/21, 66, 34, 9, 29, 2, 6
2021/2/22, 76, 21, 31, 20, 6, 4
2021/2/23, 50, 23, 29, 23, 6, 4
2021/2/24, 48, 26, 29, 27, 6, 4
2021/2/25, 56, 33, 25, 31, 7, 7
2021/2/26, 52, 37, 30, 28, 7, 7
2021/2/27, 51, 30, 21, 17, 6, 4
2021/2/28, 52, 42, 17, 18, 8, 5
2021/1/4, 53, 11, 18, 13, , 8
2021/1/5, 34, 11, 12, 16, , 8
2021/1/6, 36, 20, 8, 22, 1, 10
2021/1/7, 72, 27, 8, 21, 1, 12
2021/1/8, 70, 28, 13, 24, , 12
2021/1/9, 83, 21, 13, 22, 1, 11
2021/1/10, 70, 18, 26, 23, 1, 9
2021/1/11, 55, 14, 25, 24, 1, 7
2021/1/12, 32, 21, 18, 29, 3, 11
2021/1/13, 49, 11, 16, 22, 1, 8
2021/1/14, 46, 23, 12, 24, , 12
2021/1/15, 67, 16, 15, 25, 1, 11
2021/1/16, 51, 17, 22, 29, 1, 10
2021/1/17, 48, 21, 27, 25, 3, 10
2021/1/18, 55, 11, 27, 16, 3, 7
2021/1/19, 33, 12, 28, 12, 2, 6
2021/1/20, 33, 12, 26, 15, 4, 6
2021/1/21, 21, 17, 17, 23, 6, 8
2021/1/22, 43, 16, 20, 22, 5, 9
2021/1/23, 53, 14, 24, 18, 5, 10
2021/1/24, 54, 16, 20, 23, 3, 10
2021/1/25, 52, 15, 20, 19, 2, 7
2021/1/26, 48, 16, 12, 21, 2, 6
2021/1/27, 59, 14, 23, 14, 4, 5
2021/1/28, 42, 15, 27, 19, 7, 4
2021/1/29, 38, 13, 17, 9, 7, 5
2021/1/30, 36, 17, 20, 9, 7, 5
2021/1/31, 43, 20, 13, 10, 7, 5
2020/10/1, 31, 11, 17, 21, 4, 2
2020/10/2, 33, 13, 23, 15, 4, 2
2020/10/3, 31, 7, 23, 11, 4, 2
2020/10/4, 25, 13, 19, 15, 2, 3
2020/10/5, 42, 12, 18, 13, 3, 3
2020/10/6, 39, 16, 16, 13, 1, 4
2020/10/7, 45, 12, 19, 14, 1, 2
2020/10/8, 35, 17, 14, 21, 2, 6
2020/10/9, 49, 13, 17, 21, , 8
2020/10/10, 37, 11, 18, 10, , 6
2020/10/11, 26, 16, 13, 24, 2, 5
2020/10/12, 35, 13, 14, 13, 1, 4
2020/10/13, 29, 10, 18, 11, , 2
2020/10/14, 32, 12, 13, 11, , 2
2020/10/15, 37, 11, 16, 16, , 3
2020/10/16, 42, 10, 12, 14, , 2
2020/10/17, 51, 15, 6, 14, 1, 5
2020/10/18, 62, 15, 25, 10, 3, 3
2020/10/19, 57, 15, 21, 5, 6, 2
2020/10/20, 56, 11, 23, 9, 6, 2
2020/10/21, 49, 12, 22, 17, 3, 2
2020/10/22, 56, 12, 21, 19, 2, 2
2020/10/23, 48, 7, 27, 11, 5, 1
2020/10/24, 41, 7, 21, 13, 6, 1
2020/10/25, 31, 10, 17, 22, 5, 2
2020/10/26, 48, 11, 18, 20, 5, 2
2020/10/27, 42, 11, 21, 19, 5, 2
2020/10/28, 50, 10, 24, 20, 3, 4
2020/10/29, 44, 12, 25, 19, 3, 3
2020/10/30, 48, 18, 24, 17, 4, 3
2020/10/31, 55, 13, 24, 12, 5, 2
2020/11/1, 45, 11, 24, 17, 6, 4
2020/11/2, 47, 13, 21, 26, 3, 7
2020/11/3, 48, 18, 10, 29, 3, 9
2020/11/4, 54, 46, 1, 34, 4, 15
2020/11/5, 105, 46, 4, 31, 4, 12
2020/11/6, 154, 29, 2, 25, 4, 8
2020/11/7, 98, 29, 2, 18, 4, 7
2020/11/8, 106, 13, 7, 23, 3, 5
2020/11/9, 66, 16, 16, 23, 1, 5
2020/11/10, 50, 15, 20, 18, 1, 4
2020/11/11, 49, 17, 24, 22, 1, 5
2020/11/12, 46, 21, 21, 24, 1, 5
2020/11/13, 52, 17, 24, 14, 2, 3
2020/11/14, 46, 13, 27, 11, 4, 3
2020/11/15, 38, 17, 25, 18, 1, 4
2020/11/16, 41, 17, 25, 16, , 3
2020/11/17, 43, 20, 25, 16, , 4
2020/11/18, 50, 17, 25, 22, , 5
2020/11/19, 45, 18, 23, 25, 1, 6
2020/11/20, 56, 15, 24, 14, , 4
2020/11/21, 41, 15, 17, 20, , 5
2020/11/22, 46, 26, 16, 24, 2, 7
2020/11/23, 71, 18, 21, 19, 5, 4
2020/11/24, 55, 24, 17, 21, 5, 5
2020/11/25, 66, 25, 7, 28, 4, 8
2020/11/26, 74, 32, , 27, 7, 10
2020/11/27, 87, 44, 1, 26, 6, 9
2020/11/28, 106, 38, 10, 22, 4, 8
2020/11/29, 99, 28, 19, 21, 4, 9
2020/11/30, 83, 17, 18, 25, 4, 8
2020/12/1, 47, 29, 4, 31, 6, 10
2020/12/2, 72, 20, 17, 28, 10, 9
2020/12/3, 54, 16, 17, 27, 12, 10
2020/12/4, 54, 18, 20, 24, 10, 9
2020/12/5, 47, 21, 16, 22, 8, 9
2020/12/6, 61, 24, 9, 25, 10, 10
2020/12/7, 63, 30, 5, 30, 9, 13
2020/12/8, 76, 27, 12, 28, 8, 10
2020/12/9, 53, 20, 15, 18, 10, 9
2020/12/10, 46, 20, 19, 20, 13, 9
2020/12/11, 53, 22, 16, 19, 9, 8
2020/12/12, 39, 11, 12, 21, 2, 8
2020/12/13, 18, 16, 15, 26, 4, 7
2020/12/14, 25, 17, 14, 31, 3, 8
2020/12/15, 23, 15, 23, 27, 2, 8
2020/12/16, 19, 22, 19, 25, 4, 8
2020/12/17, 22, 18, 22, 18, 1, 5
2020/12/18, 37, 15, 25, 15, 1, 2
2020/12/19, 42, 14, 26, 13, , 2
2020/12/20, 33, 16, 23, 15, 1, 3
2020/12/21, 48, 19, 23, 20, 1, 3
2020/12/22, 58, 16, 24, 21, 1, 5
2020/12/23, 51, 10, 26, 11, , 7
2020/12/24, 32, 10, 22, 17, , 9
2020/12/25, 42, 7, 29, 11, , 7
2020/12/26, 37, 10, 25, 10, 7, 7
2020/12/27, 37, 13, 12, 19, 8, 9
2020/12/28, 57, 17, 15, 18, 6, 8
2020/12/29, 60, 17, 9, 26, 3, 10
2020/12/30, 73, 21, 12, 21, 4, 10
2020/12/31, 78, 54, 12, 22, 2, 8
2021/1/1, 86, 36, 14, 18, , 8
2021/1/2, 61, 29, 14, 14, , 9
2021/1/3, 48, 10, 17, 12, , 7
2020/7/1, 33, 11, 8, 13, , 4
2020/7/2, 29, 9, 14, 8, , 4
2020/7/3, 24, 10, 13, 7, 4, 4
2020/7/4, 27, 13, 24, 8, 5, 4
2020/7/5, 25, 14, 23, 13, 4, 4
2020/7/6, 35, 14, 24, 23, 5, 4
2020/7/7, 43, 11, 11, 13, 6, 5
2020/7/8, 46, 13, 18, 12, 4, 5
2020/7/9, 44, 11, 21, 14, , 1
2020/7/10, 39, 12, 25, 15, , 
2020/7/11, 46, 16, 37, 17, , 
2020/7/12, 59, 15, 20, 18, , 
2020/7/13, 40, 9, 22, 17, , 1
2020/7/14, 39, 9, 18, 16, , 1
2020/7/15, 33, 9, 15, 11, , 1
2020/7/16, 27, 16, 15, 19, , 1
2020/7/17, 40, 11, 22, 12, , 1
2020/7/18, 44, 9, 23, 8, 1, 1
2020/7/19, 35, 13, 29, 15, , 
2020/7/20, 43, 12, 30, 10, , 
2020/7/21, 42, 13, 35, 19, , 1
2020/7/22, 38, 16, 39, 25, 1, 1
2020/7/23, 35, 12, 22, 20, 2, 1
2020/7/24, 34, 9, 17, 14, 3, 1
2020/7/25, 33, 11, 16, 12, 3, 1
2020/7/26, 29, 9, 17, 12, 3, 1
2020/7/27, 31, 10, 15, 12, 2, 1
2020/7/28, 25, 15, 27, 21, 1, 2
2020/7/29, 40, 16, 30, 23, 2, 2
2020/7/30, 41, 36, 52, 37, 3, 3
2020/7/31, 61, 15, 20, 16, 3, 2
2020/8/1, 37, 13, 23, 14, 3, 2
2020/8/2, 30, 12, 27, 16, 2, 2
2020/8/3, 31, 16, 29, 23, 3, 2
2020/8/4, 40, 12, 29, 18, 2, 2
2020/8/5, 23, 13, 27, 25, 2, 2
2020/8/6, 37, 21, 51, 52, 1, 3
2020/8/7, 65, 25, 55, 35, 1, 4
2020/8/8, 76, 23, 65, 15, , 3
2020/8/9, 71, 31, 65, 28, 1, 3
2020/8/10, 72, 44, 67, 28, 1, 4
2020/8/11, 104, 50, 70, 38, 2, 4
2020/8/12, 100, 29, 46, 13, 3, 3
2020/8/13, 73, 19, 25, 12, 5, 3
2020/8/14, 34, 19, 20, 17, 4, 3
2020/8/15, 53, 24, 21, 16, 14, 3
2020/8/16, 76, 13, 31, 10, 6, 3
2020/8/17, 41, 12, 19, 16, 8, 3
2020/8/18, 28, 9, 8, 12, 3, 3
2020/8/19, 28, 23, 23, 7, 4, 2
2020/8/20, 39, 20, 19, 10, 3, 2
2020/8/21, 42, 17, 24, 12, 2, 2
2020/8/22, 45, 11, 24, 15, 2, 2
2020/8/23, 38, 14, 22, 19, 2, 2
2020/8/24, 45, 12, 24, 12, 4, 2
2020/8/25, 45, 13, 24, 14, 3, 2
2020/8/26, 38, 16, 17, 16, 3, 2
2020/8/27, 48, 11, 24, 17, 3, 2
2020/8/28, 39, 12, 22, 11, 1, 2
2020/8/29, 38, 16, 21, 10, , 2
2020/8/30, 42, 13, 20, 18, 3, 2
2020/8/31, 43, 20, 23, 28, 1, 5
2020/9/1, 60, 21, 27, 34, 1, 
2020/9/2, 56, 16, 20, 23, 1, 1
2020/9/3, 49, 19, 20, 29, 2, 1
2020/9/4, 47, 18, 18, 20, 1, 
2020/9/5, 46, 16, 19, 22, 2, 1
2020/9/6, 51, 17, 14, 21, 2, 1
2020/9/7, 48, 11, 13, 18, 1, 
2020/9/8, 42, 10, 11, 16, 2, 
2020/9/9, 19, 15, 21, 12, 2, 1
2020/9/10, 32, 18, 20, 14, 2, 2
2020/9/11, 42, 11, 17, 6, 2, 1
2020/9/12, 30, 11, 20, 7, 1, 1
2020/9/13, 26, 29, 24, 22, 3, 2
2020/9/14, 56, 49, 36, 35, 4, 2
2020/9/15, 95, 36, 31, 20, 2, 2
2020/9/16, 78, 22, 26, 15, 1, 1
2020/9/17, 45, 21, 29, 16, 2, 1
2020/9/18, 50, 17, 33, 10, 2, 1
2020/9/19, 46, 10, 31, 6, , 1
2020/9/20, 36, 16, 19, 22, , 2
2020/9/21, 56, 18, 39, 31, 1, 2
2020/9/22, 63, 9, 29, 22, , 1
2020/9/23, 36, 6, 10, 23, 1, 2
2020/9/24, 20, 11, 21, 13, , 1
2020/9/25, 34, 15, 22, 16, , 2
2020/9/26, 37, 13, 23, 11, , 1
2020/9/27, 37, 17, 13, 19, , 4
2020/9/28, 51, 16, 12, 16, , 3
2020/9/29, 58, 14, 22, 16, 1, 2
2020/9/30, 39, 10, 21, 24, 3, 5
2020/4/1, 52, 14, 32, 31, 7, 5
2020/4/2, 26, 20, 32, 25, 9, 5
2020/4/3, 43, 21, 34, 19, 9, 4
2020/4/4, 38, 17, 39, 13, 10, 4
2020/4/5, 33, 18, 33, 25, 7, 3
2020/4/6, 36, 30, 35, 25, 4, 4
2020/4/7, 49, 52, 38, 28, 4, 3
2020/4/8, 69, 54, 38, 27, 5, 3
2020/4/9, 57, 46, 38, 23, 4, 3
2020/4/10, 76, 38, 39, 26, 5, 3
2020/4/11, 74, 29, 43, 19, 7, 3
2020/4/12, 61, 19, 31, 7, 4, 4
2020/4/13, 46, 18, 32, 17, 4, 3
2020/4/14, 44, 31, 31, 24, 5, 2
2020/4/15, 70, 51, 31, 25, 6, 2
2020/4/16, 115, 23, 28, 12, 5, 3
2020/4/17, 50, 27, 24, 13, 6, 3
2020/4/18, 59, 23, 37, 11, 6, 2
2020/4/19, 57, 31, 35, 13, 6, 2
2020/4/20, 51, 32, 37, 13, 6, 2
2020/4/21, 42, 32, 41, 17, 6, 2
2020/4/22, 47, 36, 43, 21, 7, 2
2020/4/23, 54, 35, 45, 20, 7, 2
2020/4/24, 49, 21, 32, 13, 7, 2
2020/4/25, 34, 22, 41, 16, 8, 2
2020/4/26, 37, 29, 32, 19, 7, 3
2020/4/27, 59, 12, 25, 16, 2, 2
2020/4/28, 43, 17, 27, 16, 3, 2
2020/4/29, 43, 14, 27, 16, 3, 2
2020/4/30, 36, 15, 25, 19, 2, 2
2020/5/1, 36, 12, 30, 18, 2, 2
2020/5/2, 35, 15, 31, 14, 2, 3
2020/5/3, 48, 20, 34, 13, 1, 2
2020/5/4, 53, 18, 31, 12, , 2
2020/5/5, 28, 24, 37, 16, 1, 2
2020/5/6, 53, 29, 43, 27, 1, 2
2020/5/7, 58, 22, 47, 20, 1, 3
2020/5/8, 67, 38, 49, 20, 3, 3
2020/5/9, 53, 27, 35, 8, 2, 2
2020/5/10, 40, 20, 25, 7, 1, 3
2020/5/11, 28, 17, 29, 13, 1, 3
2020/5/12, 29, 15, 29, 10, 2, 3
2020/5/13, 29, 13, 30, 12, 1, 3
2020/5/14, 35, 18, 32, 17, 1, 3
2020/5/15, 35, 17, 32, 21, 2, 3
2020/5/16, 33, 15, 30, 19, 1, 2
2020/5/17, 36, 16, 35, 23, 1, 2
2020/5/18, 41, 16, 29, 23, , 3
2020/5/19, 33, 16, 36, 27, , 3
2020/5/20, 45, 12, 47, 25, 1, 3
2020/5/21, 55, 19, 34, 16, 1, 2
2020/5/22, 59, 18, 34, 11, , 2
2020/5/23, 46, 16, 30, 14, , 2
2020/5/24, 59, 17, 38, 16, , 3
2020/5/25, 61, 18, 40, 21, , 3
2020/5/26, 47, 19, 38, 22, , 3
2020/5/27, 37, 22, 30, 15, 1, 3
2020/5/28, 31, 25, 34, 17, 2, 4
2020/5/29, 33, 25, 43, 12, 2, 3
2020/5/30, 36, 22, 39, 8, 2, 3
2020/5/31, 31, 19, 42, 8, 3, 3
2020/6/1, 35, 19, 40, 18, 3, 3
2020/6/2, 48, 24, 32, 22, 5, 3
2020/6/3, 36, 13, 25, 18, 3, 3
2020/6/4, 27, 13, 27, 23, 5, 3
2020/6/5, 24, 14, 22, 18, 5, 2
2020/6/6, 31, 12, 20, 16, 3, 3
2020/6/7, 31, 19, 25, 13, 1, 2
2020/6/8, 33, 20, 31, 20, 1, 3
2020/6/9, 33, 19, 26, 22, 2, 3
2020/6/10, 36, 16, 31, 14, 3, 3
2020/6/11, 48, 25, 28, 17, 4, 4
2020/6/12, 64, 16, 31, 16, 4, 4
2020/6/13, 43, 16, 33, 19, 4, 4
2020/6/14, 50, 12, 32, 24, 4, 4
2020/6/15, 45, 13, 33, 24, 4, 3
2020/6/16, 42, 14, 29, 28, 4, 4
2020/6/17, 48, 13, 34, 25, 4, 4
2020/6/18, 46, 15, 28, 19, 4, 3
2020/6/19, 47, 14, 24, 19, 3, 3
2020/6/20, 37, 13, 22, 15, 4, 2
2020/6/21, 36, 22, 29, 22, 3, 3
2020/6/22, 46, 23, 41, 28, 3, 3
2020/6/23, 42, 31, 73, 32, 5, 3
2020/6/24, 55, 32, 71, 31, 6, 3
2020/6/25, 51, 28, 51, 30, 6, 3
2020/6/26, 58, 11, 24, 15, 6, 4
2020/6/27, 27, 12, 20, 13, 6, 3
2020/6/28, 25, 15, 24, 18, 5, 3
2020/6/29, 27, 12, 20, 18, 3, 4
2020/6/30, 26, 12, 6, 17, 1, 5
2020/1/1, 116, 16, 27, 27, 1, 3
2020/1/2, 56, 15, 26, 26, 2, 3
2020/1/3, 45, 16, 14, 30, 1, 4
2020/1/4, 46, 11, 21, 28, 1, 4
2020/1/5, 36, 9, 25, 9, 2, 4
2020/1/6, 29, 14, 21, 23, 2, 4
2020/1/7, 41, 21, 19, 28, 2, 4
2020/1/8, 52, 37, 20, 25, 3, 4
2020/1/9, 36, 12, 20, 28, 2, 5
2020/1/10, 44, 17, 30, 24, 1, 3
2020/1/11, 31, 12, 27, 24, 3, 4
2020/1/12, 26, 13, 31, 28, 4, 4
2020/1/13, 25, 9, 26, 15, 3, 2
2020/1/14, 25, 10, 21, 31, 3, 4
2020/1/15, 37, 16, 20, 12, 2, 3
2020/1/16, 43, 13, 23, 23, 2, 4
2020/1/17, 35, 20, 11, 30, 2, 6
2020/1/18, 48, 26, 11, 27, 3, 7
2020/1/19, 49, 44, 1, 38, 5, 10
2020/1/20, 69, 41, , 36, 5, 11
2020/1/21, 78, 30, 11, 31, 1, 5
2020/1/22, 83, 27, 13, 27, 1, 3
2020/1/23, 68, 27, 9, 35, 3, 3
2020/1/24, 41, 35, 15, 16, 2, 3
2020/1/25, 80, 27, 20, 15, 4, 3
2020/1/26, 63, 13, 28, 24, 5, 6
2020/1/27, 44, 16, 28, 37, 6, 9
2020/1/28, 29, 23, 26, 37, 5, 8
2020/1/29, 40, 15, 26, 31, 5, 7
2020/1/30, 29, 13, 23, 29, 5, 6
2020/1/31, 24, 22, 29, 28, 5, 7
2020/2/1, 49, 22, 27, 28, 5, 7
2020/2/2, 52, 24, 28, 30, 5, 7
2020/2/3, 50, 23, 26, 29, 3, 7
2020/2/4, 45, 39, 8, 39, 4, 9
2020/2/5, 72, 42, 7, 41, 3, 7
2020/2/6, 83, 41, 18, 34, 4, 6
2020/2/7, 93, 26, 29, 30, 4, 4
2020/2/8, 55, 16, 32, 16, 5, 2
2020/2/9, 44, 18, 30, 34, 6, 4
2020/2/10, 42, 21, 31, 30, 6, 6
2020/2/11, 41, 19, 26, 36, 6, 6
2020/2/12, 41, 17, 32, 37, 8, 4
2020/2/13, 47, 28, 27, 39, 5, 5
2020/2/14, 55, 12, 25, 24, 10, 2
2020/2/15, 38, 10, 33, 26, 9, 2
2020/2/16, 36, 21, 30, 33, 7, 4
2020/2/17, 45, 18, 28, 33, 6, 5
2020/2/18, 40, 20, 32, 40, 6, 5
2020/2/19, 45, 13, 32, 32, 7, 4
2020/2/20, 34, 23, 33, 33, 5, 5
2020/2/21, 44, 22, 32, 26, 6, 3
2020/2/22, 52, 13, 29, 23, 2, 3
2020/2/23, 36, 12, 25, 30, 2, 4
2020/2/24, 34, 17, 27, 37, 4, 6
2020/2/25, 35, 17, 27, 34, 3, 7
2020/2/26, 36, 16, 27, 33, 3, 6
2020/2/27, 41, 18, 23, 34, 2, 5
2020/2/28, 44, 23, 30, 27, 3, 4
2020/2/29, 46, 15, 29, 28, 3, 7
2020/3/1, 35, 13, 23, 31, 3, 5
2020/3/2, 34, 26, 9, 40, 4, 9
2020/3/3, 54, 22, 20, 41, 4, 7
2020/3/4, 52, 20, 27, 26, 4, 3
2020/3/5, 59, 28, 25, 33, 3, 5
2020/3/6, 62, 29, 33, 36, 3, 6
2020/3/7, 60, 16, 33, 28, 3, 4
2020/3/8, 41, 17, 28, 37, 3, 5
2020/3/9, 39, 10, 25, 30, 3, 3
2020/3/10, 35, 14, 34, 39, 3, 4
2020/3/11, 30, 19, 27, 35, 3, 5
2020/3/12, 43, 18, 27, 33, 2, 6
2020/3/13, 45, 13, 27, 21, 1, 4
2020/3/14, 29, 10, 23, 11, 1, 3
2020/3/15, 23, 14, 12, 20, 1, 6
2020/3/16, 38, 15, 18, 14, 1, 4
2020/3/17, 31, 19, 23, 16, 2, 3
2020/3/18, 41, 22, 24, 22, 3, 2
2020/3/19, 57, 17, 27, 16, 3, 3
2020/3/20, 35, 19, 27, 15, 3, 5
2020/3/21, 41, 20, 26, 14, 3, 5
2020/3/22, 53, 26, 21, 30, 4, 7
2020/3/23, 59, 25, 34, 28, 3, 6
2020/3/24, 61, 36, 30, 30, 4, 7
2020/3/25, 80, 47, 36, 21, 5, 6
2020/3/26, 100, 42, 41, 17, 9, 4
2020/3/27, 90, 30, 40, 10, 5, 4
2020/3/28, 56, 25, 33, 5, 4, 5
2020/3/29, 35, , , , , 
2019/10/1, 47, 13, 19, 24, 1, 1
2019/10/2, 43, 24, 21, 43, 4, 4
2019/10/3, 56, 26, 17, 35, 2, 2
2019/10/4, 59, 19, 14, 27, 1, 1
2019/10/5, 48, 14, 24, 17, , 
2019/10/6, 45, 18, 19, 38, 3, 2
2019/10/7, 47, 26, 24, 39, 3, 3
2019/10/8, 52, 19, 21, 39, 2, 4
2019/10/9, 44, 22, 24, 40, 3, 3
2019/10/10, 45, 16, 23, 28, , 1
2019/10/11, 44, 15, 21, 47, 2, 2
2019/10/12, 46, 16, 28, 33, 2, 2
2019/10/13, 31, 21, 17, 36, 1, 1
2019/10/14, 41, 19, 18, 51, 4, 4
2019/10/15, 44, 23, 22, 46, 2, 3
2019/10/16, 54, 21, 22, 58, 1, 3
2019/10/17, 51, 20, 27, 47, 1, 3
2019/10/18, 49, 19, 22, 44, 2, 4
2019/10/19, 46, 17, 26, 26, 1, 2
2019/10/20, 55, 14, 26, 26, 1, 1
2019/10/21, 34, 27, 15, 51, 2, 6
2019/10/22, 43, 39, 5, 51, 2, 6
2019/10/23, 61, 32, 10, 41, 2, 4
2019/10/24, 48, 20, 29, 35, 1, 2
2019/10/25, 30, 18, 29, 28, , 2
2019/10/26, 45, 19, 19, 28, , 4
2019/10/27, 45, 39, 19, 46, 4, 4
2019/10/28, 38, 17, 21, 41, 4, 3
2019/10/29, 31, 24, 19, 41, 5, 5
2019/10/30, 45, 36, 7, 42, 5, 7
2019/10/31, 62, 41, 23, 43, 5, 5
2019/11/1, 51, 29, 23, 29, 5, 5
2019/11/2, 38, 32, 16, 39, 5, 8
2019/11/3, 58, 33, 14, 52, 6, 8
2019/11/4, 42, 20, 19, 29, 5, 4
2019/11/5, 55, 30, 15, 46, 5, 8
2019/11/6, 69, 19, 16, 50, 5, 9
2019/11/7, 42, 29, 10, 38, 7, 9
2019/11/8, 66, 32, 14, 45, 5, 8
2019/11/9, 55, 22, 18, 42, 5, 7
2019/11/10, 52, 19, 21, 37, 4, 9
2019/11/11, 37, 21, 18, 46, 4, 10
2019/11/12, 33, 20, 15, 52, 5, 10
2019/11/13, 50, 17, 21, 61, 3, 8
2019/11/14, 46, 19, 16, 31, 4, 5
2019/11/15, 50, 23, 8, 54, 4, 8
2019/11/16, 71, 33, 5, 56, 3, 11
2019/11/17, 81, 16, 13, 31, 2, 7
2019/11/18, 30, 39, 2, 45, 4, 13
2019/11/19, 72, 25, 17, 44, 3, 11
2019/11/20, 63, 30, 6, 37, 3, 10
2019/11/21, 68, 22, 15, 36, 2, 8
2019/11/22, 43, 23, 9, 26, 1, 7
2019/11/23, 57, 20, 12, 16, 1, 9
2019/11/24, 40, 17, 21, 20, 2, 6
2019/11/25, 42, 11, 21, 21, , 6
2019/11/26, 27, 15, 18, 21, 1, 6
2019/11/27, 38, 14, 22, 20, , 5
2019/11/28, 49, 21, 14, 30, , 5
2019/11/29, 61, 26, 7, 39, , 6
2019/11/30, 63, 12, 22, 27, , 4
2019/12/1, 34, 26, 9, 37, 2, 8
2019/12/2, 69, 35, 9, 46, 4, 9
2019/12/3, 53, 45, 5, 52, 4, 10
2019/12/4, 70, 40, 26, 41, 5, 9
2019/12/5, 48, 17, 23, 38, 2, 4
2019/12/6, 26, 18, 27, 32, 1, 5
2019/12/7, 41, 15, 28, 25, 1, 4
2019/12/8, 37, 17, 24, 26, 1, 5
2019/12/9, 37, 19, 25, 30, 1, 5
2019/12/10, 43, 22, 20, 39, 3, 7
2019/12/11, 43, 22, 19, 41, 3, 6
2019/12/12, 35, 18, 22, 34, 2, 5
2019/12/13, 38, 19, 29, 35, 1, 5
2019/12/14, 43, 15, 29, 30, 1, 4
2019/12/15, 39, 20, 24, 40, 3, 5
2019/12/16, 43, 17, 19, 40, 5, 5
2019/12/17, 54, 22, 18, 34, 3, 4
2019/12/18, 53, 19, 26, 31, 3, 2
2019/12/19, 53, 15, 20, 39, 5, 4
2019/12/20, 52, 14, 27, 34, 7, 3
2019/12/21, 42, 14, 23, 32, 7, 4
2019/12/22, 45, 18, 19, 33, 5, 4
2019/12/23, 47, 17, 24, 30, 1, 3
2019/12/24, 49, 16, 22, 28, 1, 5
2019/12/25, 49, 17, 23, 27, 1, 4
2019/12/26, 49, 20, 16, 24, 1, 5
2019/12/27, 64, 23, 19, 29, , 5
2019/12/28, 71, 23, 19, 25, , 4
2019/12/29, 70, , , , , 
2019/7/1, 40, 16, 29, 23, 1, 2
2019/7/2, 58, 19, 24, 29, 1, 3
2019/7/3, 44, 20, 32, 36, , 3
2019/7/4, 48, 22, 39, 44, 1, 3
2019/7/5, 61, 16, 19, 20, 1, 2
2019/7/6, 50, 17, 24, 26, 6, 2
2019/7/7, 49, 22, 32, 38, 2, 3
2019/7/8, 49, 20, 33, 41, 8, 3
2019/7/9, 49, 19, 36, 46, 5, 3
2019/7/10, 50, 16, 26, 33, 1, 2
2019/7/11, 43, 13, 25, 15, 1, 2
2019/7/12, 45, 15, 25, 19, , 2
2019/7/13, 52, 14, 22, 18, , 2
2019/7/14, 46, 17, 28, 23, 1, 1
2019/7/15, 41, 23, 36, 34, 2, 2
2019/7/16, 51, 25, 41, 60, 1, 3
2019/7/17, 57, 12, 21, 20, , 4
2019/7/18, 36, 8, 15, 22, 1, 4
2019/7/19, 22, 17, 23, 7, , 3
2019/7/20, 28, 12, 22, 15, , 4
2019/7/21, 24, 18, 19, 7, 1, 3
2019/7/22, 36, 28, 49, 40, , 3
2019/7/23, 50, 33, 19, 52, 1, 4
2019/7/24, 68, 34, 40, 37, 1, 4
2019/7/25, 64, 23, 16, 27, 1, 2
2019/7/26, 54, 14, 14, 23, 3, 3
2019/7/27, 37, 15, 23, 18, 4, 1
2019/7/28, 23, 17, 32, 14, 5, 2
2019/7/29, 41, 14, 24, 12, 1, 2
2019/7/30, 61, 12, 17, 13, 1, 2
2019/7/31, 32, 16, 21, 18, , 2
2019/8/1, 36, 23, 31, 20, , 2
2019/8/2, 47, 22, 32, 28, , 2
2019/8/3, 54, 22, 39, 30, , 3
2019/8/4, 59, 19, 26, 24, 1, 4
2019/8/5, 53, 21, 25, 25, 1, 2
2019/8/6, 50, 27, 23, 28, 1, 2
2019/8/7, 50, 19, 25, 33, 1, 2
2019/8/8, 48, 21, 24, 24, , 3
2019/8/9, 51, 23, 25, 18, , 2
2019/8/10, 51, 17, 26, 19, , 2
2019/8/11, 48, 15, 21, 25, , 3
2019/8/12, 43, 14, 28, 30, , 4
2019/8/13, 31, 11, 17, 29, 1, 3
2019/8/14, 34, 12, 23, 24, , 3
2019/8/15, 34, 17, 16, 25, 1, 4
2019/8/16, 34, 16, 21, 17, , 3
2019/8/17, 35, 16, 23, 15, , 4
2019/8/18, 37, 22, 24, 22, 1, 4
2019/8/19, 38, 19, 30, 36, , 5
2019/8/20, 54, 20, 31, 33, 1, 5
2019/8/21, 51, 21, 27, 35, , 5
2019/8/22, 56, 26, 31, 39, 1, 4
2019/8/23, 65, 41, 57, 52, , 5
2019/8/24, 102, 46, 54, 53, , 6
2019/8/25, 117, 37, 54, 53, , 6
2019/8/26, 98, 39, 56, 62, , 6
2019/8/27, 96, 20, 26, 33, 1, 4
2019/8/28, 53, 16, 23, 30, 1, 4
2019/8/29, 45, 20, 27, 31, 1, 3
2019/8/30, 52, 18, 26, 27, 1, 3
2019/8/31, 55, 12, 24, 20, 1, 3
2019/9/1, 41, 20, 25, 32, 1, 4
2019/9/2, 49, 18, 23, 32, 1, 3
2019/9/3, 46, 15, 20, 21, 7, 5
2019/9/4, 44, 15, 23, 27, 11, 8
2019/9/5, 46, 20, 18, 33, 12, 11
2019/9/6, 52, 14, 22, 20, 8, 8
2019/9/7, 46, 17, 23, 22, 11, 9
2019/9/8, 48, 19, 20, 39, 7, 9
2019/9/9, 57, 29, 18, 33, 2, 9
2019/9/10, 63, 19, 14, 30, 2, 8
2019/9/11, 49, 19, 13, 28, 3, 8
2019/9/12, 51, 21, 24, 31, 1, 5
2019/9/13, 52, 26, 20, 43, 1, 5
2019/9/14, 67, 22, 24, 30, 1, 5
2019/9/15, 59, 29, 15, 23, 1, 4
2019/9/16, 66, 17, 22, 27, , 4
2019/9/17, 44, 22, 24, 32, , 2
2019/9/18, 41, 23, 22, 42, 1, 2
2019/9/19, 47, 29, 25, 42, 2, 2
2019/9/20, 53, 37, 21, 39, 2, 2
2019/9/21, 52, 26, 24, 34, 1, 
2019/9/22, 45, 19, 21, 31, 2, 1
2019/9/23, 36, 26, 19, 17, , 1
2019/9/24, 29, 18, 18, 17, 1, 1
2019/9/25, 37, 16, 10, 35, 3, 1
2019/9/26, 43, 18, 11, 34, 1, 1
2019/9/27, 40, 13, 17, 28, 1, 1
2019/9/28, 34, 11, 19, 18, , 
2019/9/29, 35, 16, 16, 31, 2, 2
2019/9/30, 42, 18, 25, 29, 2, 1
2019/4/1, 36, 30, 26, 43, 4, 11
2019/4/2, 67, 16, 13, 27, 3, 11
2019/4/3, 54, 12, 23, 18, 2, 10
2019/4/4, 29, 17, 24, 19, 2, 10
2019/4/5, 37, 22, 29, 24, 1, 6
2019/4/6, 55, 47, 31, 14, 1, 6
2019/4/7, 129, 49, 28, 28, 1, 8
2019/4/8, 133, 40, 36, 27, , 6
2019/4/9, 101, 23, 31, 29, , 8
2019/4/10, 56, 23, 35, 34, 1, 6
2019/4/11, 47, 22, 32, 36, 2, 4
2019/4/12, 62, 21, 31, 27, 2, 3
2019/4/13, 57, 25, 33, 24, 2, 5
2019/4/14, 51, 43, 27, 32, 2, 5
2019/4/15, 67, 55, 14, 35, 2, 4
2019/4/16, 77, 57, 27, 41, 2, 6
2019/4/17, 86, 53, 40, 46, 1, 9
2019/4/18, 64, 42, 51, 43, 1, 9
2019/4/19, 67, 40, 56, 38, , 8
2019/4/20, 61, 40, 60, 26, 1, 9
2019/4/21, 72, 56, 55, 46, 8, 9
2019/4/22, 116, 45, 31, 43, 8, 8
2019/4/23, 88, 38, 38, 42, 3, 9
2019/4/24, 47, 18, 37, 40, 2, 8
2019/4/25, 26, 22, 37, 34, 1, 9
2019/4/26, 30, 23, 33, 23, 1, 9
2019/4/27, 29, 16, 31, 19, 1, 7
2019/4/28, 33, 27, 29, 32, , 8
2019/4/29, 58, 35, 31, 43, , 9
2019/4/30, 82, 30, 36, 37, 1, 6
2019/5/1, 57, 23, 22, 29, , 3
2019/5/2, 31, 20, 22, 25, 1, 2
2019/5/3, 41, 16, 27, 12, , 2
2019/5/4, 34, 24, 30, 16, 1, 2
2019/5/5, 49, 16, 22, 22, 1, 2
2019/5/6, 45, 22, 28, 40, , 2
2019/5/7, 62, 22, 22, 38, 2, 6
2019/5/8, 64, 22, 18, 32, 3, 8
2019/5/9, 63, 18, 30, 41, 2, 9
2019/5/10, 57, 16, 31, 29, 1, 5
2019/5/11, 60, 16, 31, 27, 1, 7
2019/5/12, 45, 17, 27, 34, 1, 9
2019/5/13, 41, 17, 29, 29, 1, 7
2019/5/14, 42, 30, 32, 26, 1, 8
2019/5/15, 73, 27, 32, 17, 1, 8
2019/5/16, 63, 25, 24, 29, 1, 5
2019/5/17, 59, 28, 26, 33, 2, 7
2019/5/18, 73, 27, 32, 29, 1, 6
2019/5/19, 84, 27, 32, 30, 1, 5
2019/5/20, 44, 20, 37, 28, , 7
2019/5/21, 36, 24, 41, 49, 1, 9
2019/5/22, 44, 23, 44, 44, 2, 10
2019/5/23, 48, 20, 23, 22, , 6
2019/5/24, 51, 16, 24, 20, , 5
2019/5/25, 32, 18, 16, 20, 1, 6
2019/5/26, 34, 16, 22, 21, , 7
2019/5/27, 33, 15, 25, 24, 1, 6
2019/5/28, 31, 20, 25, 35, 2, 8
2019/5/29, 41, 20, 20, 29, 2, 6
2019/5/30, 44, 18, 17, 32, 1, 6
2019/5/31, 34, 20, 35, 46, 2, 5
2019/6/1, 38, 20, 34, 46, , 3
2019/6/2, 35, 21, 30, 50, 1, 5
2019/6/3, 38, 26, 22, 41, , 4
2019/6/4, 42, 19, 26, 34, 3, 5
2019/6/5, 43, 20, 26, 34, 3, 3
2019/6/6, 35, 23, 23, 29, 4, 4
2019/6/7, 36, 22, 20, 25, 2, 6
2019/6/8, 34, 24, 22, 29, 2, 6
2019/6/9, 30, 13, 25, 27, 1, 3
2019/6/10, 50, 17, 23, 26, , 1
2019/6/11, 30, 20, 23, 25, 1, 3
2019/6/12, 34, 19, 27, 35, 2, 6
2019/6/13, 31, 21, 27, 36, 1, 5
2019/6/14, 36, 20, 26, 30, , 4
2019/6/15, 36, 16, 24, 24, , 3
2019/6/16, 31, 20, 32, 41, 1, 6
2019/6/17, 34, 22, 21, 41, 1, 5
2019/6/18, 48, 22, 15, 37, 1, 6
2019/6/19, 46, 20, 24, 37, 2, 6
2019/6/20, 39, 16, 28, 34, 1, 6
2019/6/21, 40, 15, 33, 32, 1, 5
2019/6/22, 34, 30, 45, 20, , 6
2019/6/23, 58, 35, 26, 39, 2, 8
2019/6/24, 58, 31, 27, 29, , 6
2019/6/25, 58, 16, 28, 25, , 3
2019/6/26, 38, 20, 30, 30, , 3
2019/6/27, 39, 27, 23, 25, 1, 3
2019/6/28, 45, 33, 56, 44, 1, 4
2019/6/29, 66, 20, 27, 22, 1, 4
2019/6/30, 42, 15, 25, 18, 1, 3
2019/1/1, 49, 22, 22, 26, , 7
2019/1/2, 59, 26, 22, 31, , 7
2019/1/3, 55, 39, 14, 31, 1, 9
2019/1/4, 92, 31, 19, 29, 1, 10
2019/1/5, 81, 29, 13, 30, 2, 10
2019/1/6, 73, 25, 24, 36, 3, 9
2019/1/7, 60, 24, 23, 27, 1, 8
2019/1/8, 50, 22, 19, 30, 3, 11
2019/1/9, 46, 34, 9, 29, 3, 11
2019/1/10, 73, 25, 7, 30, 3, 7
2019/1/11, 60, 17, 21, 30, 3, 8
2019/1/12, 49, 17, 30, 22, 2, 6
2019/1/13, 29, 19, 24, 25, 2, 7
2019/1/14, 40, 17, 23, 43, 4, 10
2019/1/15, 37, 11, 26, 39, 3, 8
2019/1/16, 32, 15, 20, 31, 2, 9
2019/1/17, 36, 26, 18, 46, 3, 12
2019/1/18, 50, 26, 20, 30, 2, 9
2019/1/19, 62, 33, 12, 34, 3, 11
2019/1/20, 98, 43, 18, 40, 4, 14
2019/1/21, 111, 18, 22, 33, 3, 9
2019/1/22, 41, 24, 17, 35, 4, 10
2019/1/23, 61, 37, 4, 51, 8, 15
2019/1/24, 95, 29, 10, 40, 11, 10
2019/1/25, 85, 15, 27, 34, 13, 8
2019/1/26, 50, 12, 26, 19, 14, 7
2019/1/27, 40, 23, 23, 30, 6, 11
2019/1/28, 43, 30, 17, 46, 1, 12
2019/1/29, 48, 25, 11, 38, 1, 11
2019/1/30, 56, 29, 17, 48, 3, 14
2019/1/31, 54, 18, 20, 31, 2, 9
2019/2/1, 60, 22, 18, 19, 2, 8
2019/2/2, 87, 25, 16, 31, 2, 12
2019/2/3, 57, 18, 19, 37, 3, 9
2019/2/4, 59, 21, 13, 36, 3, 9
2019/2/5, 66, 23, 12, 39, 2, 8
2019/2/6, 74, 20, 21, 31, 6, 10
2019/2/7, 44, 15, 25, 36, 2, 9
2019/2/8, 45, 18, 27, 29, 2, 9
2019/2/9, 43, 11, 23, 30, 1, 8
2019/2/10, 31, 24, 19, 38, 1, 10
2019/2/11, 44, 28, 16, 40, 3, 11
2019/2/12, 38, 27, 9, 28, 2, 9
2019/2/13, 52, 46, 9, 53, 3, 11
2019/2/14, 86, 50, 16, 55, 4, 12
2019/2/15, 120, 40, 21, 44, 2, 9
2019/2/16, 97, 36, 27, 36, 1, 9
2019/2/17, 81, 26, 19, 41, 2, 9
2019/2/18, 53, 28, 25, 42, 3, 10
2019/2/19, 54, 26, 25, 40, 2, 9
2019/2/20, 62, 33, 23, 42, 2, 8
2019/2/21, 60, 43, 17, 42, 4, 9
2019/2/22, 72, 43, 9, 39, 3, 9
2019/2/23, 93, 47, 5, 40, 1, 11
2019/2/24, 123, 53, 2, 55, 1, 12
2019/2/25, 128, 58, 2, 61, 3, 12
2019/2/26, 139, 58, 4, 58, 5, 12
2019/2/27, 141, 32, 21, 28, 4, 8
2019/2/28, 90, 33, 14, 25, 2, 3
2019/3/1, 82, 21, 21, 20, 1, 3
2019/3/2, 54, 14, 29, 15, 1, 3
2019/3/3, 46, 17, 16, 26, 1, 2
2019/3/4, 37, 19, 26, 25, 1, 1
2019/3/5, 40, 19, 23, 17, 1, 5
2019/3/6, 49, 10, 26, 30, 6, 9
2019/3/7, 28, 15, 23, 28, 5, 9
2019/3/8, 31, 18, 27, 9, 1, 
2019/3/9, 33, 11, 29, 23, , 8
2019/3/10, 36, 17, 26, 23, 1, 9
2019/3/11, 34, 13, 28, 27, 1, 8
2019/3/12, 36, 19, 28, 25, 1, 8
2019/3/13, 45, 16, 33, 27, 2, 8
2019/3/14, 36, 14, 26, 33, 1, 6
2019/3/15, 31, 16, 36, 27, 1, 6
2019/3/16, 34, 12, 32, 28, 1, 9
2019/3/17, 35, 21, 25, 34, 1, 8
2019/3/18, 43, 27, 18, 38, 2, 9
2019/3/19, 55, 21, 23, 38, 2, 8
2019/3/20, 50, 24, 17, 32, 3, 8
2019/3/21, 54, 23, 22, 36, 3, 8
2019/3/22, 56, 24, 28, 27, 2, 8
2019/3/23, 57, 23, 34, 25, 1, 8
2019/3/24, 62, 22, 32, 24, 1, 9
2019/3/25, 42, 32, 29, 37, 2, 11
2019/3/26, 67, 27, 28, 34, 1, 10
2019/3/27, 58, 35, 26, 52, 2, 10
2019/3/28, 74, 45, 34, 45, 2, 7
2019/3/29, 82, 53, 35, 42, 3, 9
2019/3/30, 113, 31, 35, 25, 3, 8
2019/3/31, 33, 25, 33, 32, 2, 8
2018/10/1, 50, 18, 21, 47, 1, 5
2018/10/2, 49, 23, 16, 54, , 5
2018/10/3, 59, 28, 14, 61, , 8
2018/10/4, 73, 37, 20, 75, 1, 9
2018/10/5, 92, 22, 24, 36, , 5
2018/10/6, 64, 18, 21, 42, , 6
2018/10/7, 51, 22, 19, 69, , 9
2018/10/8, 60, 26, 27, 72, , 9
2018/10/9, 67, 48, 15, 62, 1, 8
2018/10/10, 119, 26, 22, 53, 1, 6
2018/10/11, 66, 21, 26, 51, 1, 6
2018/10/12, 54, 23, 25, 49, , 5
2018/10/13, 58, 13, 24, 32, , 4
2018/10/14, 48, 19, 20, 30, , 4
2018/10/15, 56, 33, 19, 46, 4, 7
2018/10/16, 78, 26, 18, 43, 4, 7
2018/10/17, 75, 22, 16, 34, , 6
2018/10/18, 63, 30, 18, 43, 2, 10
2018/10/19, 75, 45, 15, 58, 6, 14
2018/10/20, 109, 26, 18, 34, 3, 9
2018/10/21, 74, 23, 20, 29, 4, 7
2018/10/22, 55, 26, 13, 34, 3, 7
2018/10/23, 62, 22, 13, 30, 2, 6
2018/10/24, 62, 25, 15, 33, 3, 8
2018/10/25, 64, 16, 19, 31, 3, 8
2018/10/26, 52, 13, 18, 22, 2, 9
2018/10/27, 40, 12, 21, 23, 2, 8
2018/10/28, 39, 15, 17, 26, 2, 8
2018/10/29, 39, 19, 15, 27, 3, 9
2018/10/30, 51, 29, 14, 53, 4, 12
2018/10/31, 71, 26, 4, 44, 4, 8
2018/11/1, 76, 34, 12, 52, 4, 12
2018/11/2, 79, 27, 24, 51, 2, 9
2018/11/3, 71, 28, 18, 37, 2, 8
2018/11/4, 73, 52, 1, 38, 4, 10
2018/11/5, 119, 36, 19, 42, 4, 8
2018/11/6, 88, 19, 23, 42, 4, 8
2018/11/7, 53, 24, 22, 47, 3, 8
2018/11/8, 52, 23, 24, 44, 3, 8
2018/11/9, 58, 21, 21, 49, 3, 6
2018/11/10, 59, 17, 24, 41, 3, 8
2018/11/11, 51, 22, 21, 53, 4, 8
2018/11/12, 55, 27, 21, 55, 4, 9
2018/11/13, 57, 27, 18, 49, 3, 8
2018/11/14, 65, 37, 6, 45, 3, 8
2018/11/15, 85, 25, 5, 31, 3, 8
2018/11/16, 70, 32, 6, 32, 3, 9
2018/11/17, 86, 23, 21, 29, 2, 8
2018/11/18, 65, 16, 19, 31, 2, 8
2018/11/19, 46, 21, 15, 33, 2, 8
2018/11/20, 60, 32, 7, 42, 3, 12
2018/11/21, 86, 51, 1, 38, 5, 13
2018/11/22, 131, 47, 1, 40, 5, 11
2018/11/23, 117, 33, 11, 30, 1, 9
2018/11/24, 88, 27, 10, 27, , 8
2018/11/25, 74, 23, 14, 30, 1, 9
2018/11/26, 60, 26, 8, 37, 2, 10
2018/11/27, 74, 19, 24, 41, 9, 7
2018/11/28, 57, 21, 26, 40, 11, 7
2018/11/29, 53, 25, 19, 53, 4, 9
2018/11/30, 57, 19, 21, 45, 3, 8
2018/12/1, 61, 15, 22, 34, 3, 6
2018/12/2, 49, 20, 23, 36, 2, 6
2018/12/3, 64, 28, 9, 50, 5, 11
2018/12/4, 68, 22, 19, 42, 3, 8
2018/12/5, 60, 26, 23, 44, 4, 7
2018/12/6, 59, 16, 27, 44, 3, 7
2018/12/7, 49, 20, 27, 40, 2, 7
2018/12/8, 49, 14, 27, 24, 1, 6
2018/12/9, 45, 19, 12, 36, 2, 8
2018/12/10, 55, 35, 6, 49, 4, 11
2018/12/11, 81, 26, 16, 36, 1, 9
2018/12/12, 72, 31, 5, 36, 3, 12
2018/12/13, 74, 43, 8, 44, 4, 13
2018/12/14, 87, 25, 21, 31, 4, 10
2018/12/15, 74, 21, 20, 45, 4, 9
2018/12/16, 52, 28, 20, 50, 7, 9
2018/12/17, 59, 21, 26, 38, 2, 7
2018/12/18, 54, 21, 22, 52, 4, 8
2018/12/19, 52, 21, 24, 49, 4, 8
2018/12/20, 52, 26, 24, 39, 3, 7
2018/12/21, 53, 22, 25, 40, 2, 8
2018/12/22, 56, 15, 21, 32, 1, 6
2018/12/23, 49, 29, 14, 35, 1, 9
2018/12/24, 76, 31, 10, 37, 3, 13
2018/12/25, 85, 24, 10, 32, 1, 8
2018/12/26, 69, 48, 1, 43, 4, 14
2018/12/27, 120, 38, 6, 36, 4, 12
2018/12/28, 102, 22, 18, 31, 1, 8
2018/12/29, 63, 17, 15, 29, 1, 8
2018/12/30, 63, , , , , 
2018/7/1, 64, 22, 47, 42, 5, 5
2018/7/2, 53, 21, 41, 43, 3, 5
2018/7/3, 52, 28, 40, 51, 3, 4
2018/7/4, 67, 35, 54, 59, 3, 4
2018/7/5, 88, 32, 47, 45, 3, 3
2018/7/6, 80, 36, 49, 45, 3, 3
2018/7/7, 96, 26, 42, 33, 3, 3
2018/7/8, 64, 27, 39, 39, 3, 3
2018/7/9, 62, 19, 24, 22, 4, 2
2018/7/10, 50, 28, 29, 25, 4, 2
2018/7/11, 69, 27, 34, 36, 4, 3
2018/7/12, 63, 29, 36, 50, 4, 4
2018/7/13, 66, 30, 47, 57, 4, 5
2018/7/14, 67, 25, 49, 51, 4, 4
2018/7/15, 60, 28, 44, 59, 5, 5
2018/7/16, 63, 21, 24, 50, 5, 5
2018/7/17, 49, 23, 33, 57, 5, 5
2018/7/18, 51, 25, 37, 63, 5, 6
2018/7/19, 59, 26, 37, 62, 6, 5
2018/7/20, 59, 29, 58, 47, 6, 3
2018/7/21, 75, 24, 33, 41, 6, 4
2018/7/22, 59, 24, 38, 61, 5, 4
2018/7/23, 57, 25, 41, 60, 5, 4
2018/7/24, 61, 29, 44, 54, 3, 4
2018/7/25, 72, 45, 54, 70, 4, 4
2018/7/26, 103, 32, 46, 60, 4, 4
2018/7/27, 75, 25, 25, 33, 2, 4
2018/7/28, 50, 16, 20, 31, 2, 2
2018/7/29, 46, 18, 15, 33, 3, 3
2018/7/30, 49, 21, 27, 43, 3, 4
2018/7/31, 54, 24, 33, 48, 3, 5
2018/8/1, 57, 25, 30, 49, 3, 4
2018/8/2, 59, 23, 45, 46, 2, 2
2018/8/3, 58, 21, 35, 26, 2, 2
2018/8/4, 50, 18, 37, 34, 2, 3
2018/8/5, 53, 27, 53, 65, 3, 4
2018/8/6, 69, 29, 44, 64, 4, 4
2018/8/7, 80, 19, 27, 45, 3, 4
2018/8/8, 54, 19, 15, 36, 3, 3
2018/8/9, 65, 19, 16, 37, 3, 4
2018/8/10, 52, 19, 24, 35, 2, 4
2018/8/11, 51, 16, 22, 33, 3, 3
2018/8/12, 49, 19, 20, 28, 2, 2
2018/8/13, 54, 19, 23, 33, 2, 3
2018/8/14, 54, 22, 19, 40, 3, 4
2018/8/15, 59, 23, 15, 39, 4, 4
2018/8/16, 60, 22, 20, 41, 4, 5
2018/8/17, 55, 21, 15, 35, 3, 4
2018/8/18, 55, 18, 15, 27, 2, 2
2018/8/19, 55, 19, 19, 35, 3, 3
2018/8/20, 54, 24, 26, 39, 3, 3
2018/8/21, 56, 21, 11, 39, 2, 4
2018/8/22, 65, 18, 20, 29, 3, 3
2018/8/23, 59, 17, 18, 35, 4, 3
2018/8/24, 50, 17, 21, 27, 3, 3
2018/8/25, 51, 18, 18, 34, 4, 3
2018/8/26, 54, 15, 15, 28, 3, 3
2018/8/27, 48, 22, 21, 40, 4, 4
2018/8/28, 58, 24, 17, 30, 2, 3
2018/8/29, 70, 23, 21, 30, 2, 3
2018/8/30, 73, 24, 23, 36, 2, 3
2018/8/31, 62, 27, 40, 49, 4, 4
2018/9/1, 67, 27, 42, 41, 3, 4
2018/9/2, 73, 33, 45, 43, 2, 3
2018/9/3, 79, 28, 28, 28, 1, 2
2018/9/4, 63, 25, 32, 30, 1, 2
2018/9/5, 57, 27, 26, 35, 3, 3
2018/9/6, 63, 19, 24, 35, 3, 4
2018/9/7, 52, 24, 23, 38, 3, 4
2018/9/8, 57, 19, 30, 37, 3, 3
2018/9/9, 53, 21, 27, 43, 4, 4
2018/9/10, 55, 19, 21, 36, 4, 3
2018/9/11, 58, 23, 21, 29, 2, 3
2018/9/12, 60, 25, 19, 40, 5, 5
2018/9/13, 68, 20, 20, 47, 5, 6
2018/9/14, 61, 22, 25, 45, 4, 4
2018/9/15, 58, 19, 31, 39, 3, 3
2018/9/16, 53, 20, 37, 50, 4, 4
2018/9/17, 58, 21, 29, 44, 4, 4
2018/9/18, 56, 27, 23, 40, 2, 3
2018/9/19, 62, 25, 24, 48, 1, 3
2018/9/20, 59, 22, 23, 54, 1, 5
2018/9/21, 53, 18, 15, 48, 1, 4
2018/9/22, 54, 14, 21, 21, 1, 2
2018/9/23, 63, 23, 22, 34, 1, 5
2018/9/24, 51, 33, 25, 60, 2, 10
2018/9/25, 70, 29, 25, 58, 1, 5
2018/9/26, 70, 34, 29, 70, 1, 9
2018/9/27, 79, 19, 23, 32, 1, 3
2018/9/28, 49, 35, 22, 59, 1, 7
2018/9/29, 69, 21, 24, 41, 1, 6
2018/9/30, 57, 18, 22, 38, 1, 5
2018/4/1, 58, 17, 26, 45, 3, 4
2018/4/2, 58, 21, 32, 53, 3, 4
2018/4/3, 56, 21, 32, 51, 3, 5
2018/4/4, 50, 16, 30, 46, 2, 9
2018/4/5, 44, 25, 32, 54, 16, 10
2018/4/6, 63, 36, 30, 58, 3, 9
2018/4/7, 84, 28, 23, 46, 3, 7
2018/4/8, 78, 27, 18, 48, 3, 7
2018/4/9, 92, 36, 23, 48, 1, 6
2018/4/10, 97, 48, 14, 34, 1, 5
2018/4/11, 131, 42, 19, 31, 1, 6
2018/4/12, 112, 38, 20, 53, 5, 9
2018/4/13, 89, 48, 34, 54, 3, 9
2018/4/14, 117, 36, 33, 47, 2, 7
2018/4/15, 95, 28, 36, 58, 4, 9
2018/4/16, 57, 26, 36, 56, 2, 8
2018/4/17, 58, 34, 37, 69, 4, 7
2018/4/18, 89, 51, 53, 81, 4, 9
2018/4/19, 108, 41, 39, 50, 3, 6
2018/4/20, 91, 49, 32, 57, 2, 6
2018/4/21, 113, 38, 43, 50, 2, 6
2018/4/22, 86, 24, 30, 57, 4, 8
2018/4/23, 49, 23, 27, 52, 4, 7
2018/4/24, 56, 21, 31, 55, 4, 8
2018/4/25, 49, 25, 34, 63, 5, 9
2018/4/26, 53, 23, 24, 58, 4, 7
2018/4/27, 58, 17, 27, 31, 1, 4
2018/4/28, 56, 12, 32, 19, 1, 4
2018/4/29, 47, 20, 34, 34, 1, 6
2018/4/30, 54, 23, 33, 71, 4, 11
2018/5/1, 55, 17, 33, 54, 3, 8
2018/5/2, 48, 27, 31, 62, 5, 11
2018/5/3, 65, 30, 31, 60, 3, 9
2018/5/4, 71, 36, 41, 56, 2, 8
2018/5/5, 90, 41, 51, 46, 2, 4
2018/5/6, 105, 45, 63, 58, 2, 6
2018/5/7, 122, 46, 56, 71, 4, 7
2018/5/8, 110, 28, 35, 61, 5, 7
2018/5/9, 63, 22, 36, 42, 2, 7
2018/5/10, 55, 28, 35, 52, 3, 8
2018/5/11, 59, 27, 27, 51, 3, 6
2018/5/12, 70, 25, 35, 37, 2, 6
2018/5/13, 70, 21, 36, 32, 2, 6
2018/5/14, 50, 21, 45, 36, 2, 5
2018/5/15, 59, 23, 34, 31, 1, 5
2018/5/16, 57, 25, 33, 39, 1, 6
2018/5/17, 53, 27, 31, 49, 1, 7
2018/5/18, 58, 35, 39, 51, 2, 7
2018/5/19, 69, 34, 39, 57, 2, 7
2018/5/20, 78, 45, 38, 57, 2, 6
2018/5/21, 106, 35, 41, 37, 2, 4
2018/5/22, 79, 32, 41, 37, 2, 4
2018/5/23, 72, 51, 31, 53, 3, 5
2018/5/24, 92, 44, 31, 60, 4, 6
2018/5/25, 99, 57, 53, 45, 2, 5
2018/5/26, 121, 55, 43, 60, 2, 5
2018/5/27, 91, 59, 42, 36, 2, 5
2018/5/28, 112, 30, 36, 30, 2, 4
2018/5/29, 82, 34, 30, 47, 2, 5
2018/5/30, 86, 44, 33, 49, 1, 5
2018/5/31, 116, 35, 30, 62, 4, 6
2018/6/1, 93, 23, 34, 45, 2, 4
2018/6/2, 61, 23, 39, 44, 2, 4
2018/6/3, 58, 25, 31, 31, 1, 4
2018/6/4, 70, 20, 32, 38, 1, 3
2018/6/5, 56, 34, 34, 39, 1, 3
2018/6/6, 62, 28, 29, 45, 1, 3
2018/6/7, 65, 26, 37, 38, 2, 4
2018/6/8, 63, 28, 33, 35, 1, 4
2018/6/9, 65, 22, 33, 29, 2, 4
2018/6/10, 64, 22, 31, 44, 2, 4
2018/6/11, 53, 22, 25, 30, 2, 3
2018/6/12, 58, 29, 34, 52, 3, 5
2018/6/13, 62, 27, 31, 39, 3, 5
2018/6/14, 65, 25, 32, 48, 3, 6
2018/6/15, 70, 20, 28, 42, 3, 6
2018/6/16, 56, 19, 26, 41, 3, 6
2018/6/17, 51, 21, 26, 43, 3, 5
2018/6/18, 56, 18, 15, 44, 4, 5
2018/6/19, 51, 20, 13, 36, 4, 4
2018/6/20, 52, 29, 30, 35, 2, 5
2018/6/21, 48, 23, 34, 34, 3, 5
2018/6/22, 51, 25, 35, 34, 2, 6
2018/6/23, 61, 24, 45, 34, 3, 5
2018/6/24, 62, 30, 65, 52, 3, 6
2018/6/25, 69, 28, 35, 50, 4, 4
2018/6/26, 62, 28, 30, 45, 4, 3
2018/6/27, 62, 26, 40, 39, 4, 3
2018/6/28, 73, 25, 37, 36, 4, 3
2018/6/29, 62, 24, 41, 35, 4, 3
2018/6/30, 56, 26, 64, 34, 5, 3
2018/1/1, 48, 26, 26, 44, 5, 4
2018/1/2, 57, 29, 30, 32, 5, 3
2018/1/3, 61, 22, 25, 45, 7, 4
2018/1/4, 54, 25, 24, 54, 6, 5
2018/1/5, 56, 27, 20, 38, 1, 4
2018/1/6, 77, 17, 20, 30, , 2
2018/1/7, 46, 28, 16, 31, 4, 4
2018/1/8, 73, 38, 3, 45, 5, 6
2018/1/9, 98, 33, 15, 53, 7, 7
2018/1/10, 73, 34, 5, 35, 3, 4
2018/1/11, 91, 32, 22, 44, 4, 4
2018/1/12, 84, 30, 16, 34, 2, 3
2018/1/13, 86, 35, 12, 42, 3, 4
2018/1/14, 93, 19, 22, 51, 6, 5
2018/1/15, 55, 17, 25, 57, 7, 5
2018/1/16, 46, 22, 28, 53, 6, 5
2018/1/17, 50, 21, 30, 43, 5, 4
2018/1/18, 48, 33, 18, 65, 9, 6
2018/1/19, 54, 20, 19, 52, 3, 4
2018/1/20, 56, 22, 16, 48, 4, 5
2018/1/21, 68, 24, 22, 45, 4, 5
2018/1/22, 56, 20, 26, 57, 9, 8
2018/1/23, 50, 18, 25, 61, 6, 5
2018/1/24, 49, 29, 21, 66, 5, 5
2018/1/25, 59, 37, 11, 47, 1, 3
2018/1/26, 83, 26, 21, 56, 2, 3
2018/1/27, 66, 17, 27, 41, 1, 2
2018/1/28, 47, 19, 28, 44, 2, 3
2018/1/29, 50, 35, 21, 67, 6, 5
2018/1/30, 68, 20, 28, 58, 5, 4
2018/1/31, 51, 23, 21, 33, 3, 2
2018/2/1, 47, 28, 20, 34, 2, 3
2018/2/2, 57, 23, 16, 56, 5, 3
2018/2/3, 67, 15, 22, 35, 1, 2
2018/2/4, 48, 22, 21, 50, , 2
2018/2/5, 56, 37, 19, 47, 2, 3
2018/2/6, 79, 45, 15, 46, 3, 3
2018/2/7, 74, 35, 26, 77, 8, 6
2018/2/8, 65, 22, 22, 38, 3, 5
2018/2/9, 48, 24, 18, 63, 5, 8
2018/2/10, 50, 12, 19, 33, 3, 6
2018/2/11, 36, 26, 20, 63, 7, 10
2018/2/12, 52, 18, 21, 54, 4, 8
2018/2/13, 51, 22, 21, 64, 5, 8
2018/2/14, 61, 28, 25, 63, 6, 8
2018/2/15, 58, 36, 17, 74, 8, 11
2018/2/16, 62, 37, 20, 64, 5, 10
2018/2/17, 76, 31, 24, 58, 4, 8
2018/2/18, 69, 29, 16, 42, 5, 6
2018/2/19, 80, 20, 22, 29, 2, 4
2018/2/20, 55, 48, 16, 42, 1, 7
2018/2/21, 120, 34, 19, 52, 2, 7
2018/2/22, 89, 31, 17, 49, 2, 8
2018/2/23, 80, 39, 20, 41, 2, 9
2018/2/24, 93, 22, 23, 37, 1, 9
2018/2/25, 56, 31, 26, 42, , 7
2018/2/26, 49, 36, 23, 52, 1, 10
2018/2/27, 55, 27, 22, 52, 2, 10
2018/2/28, 75, 42, 20, 36, 2, 9
2018/3/1, 98, 48, 19, 37, 3, 9
2018/3/2, 121, 64, 10, 38, 3, 8
2018/3/3, 159, 31, 24, 50, 3, 6
2018/3/4, 84, 26, 26, 56, 4, 5
2018/3/5, 58, 27, 23, 75, 7, 8
2018/3/6, 63, 29, 18, 62, 6, 8
2018/3/7, 69, 22, 23, 55, 5, 7
2018/3/8, 45, 31, 13, 58, 5, 7
2018/3/9, 66, 29, 18, 52, 5, 5
2018/3/10, 65, 33, 17, 47, 4, 6
2018/3/11, 71, 22, 18, 39, 4, 5
2018/3/12, 69, 26, 17, 50, 4, 7
2018/3/13, 64, 21, 27, 49, 3, 6
2018/3/14, 56, 21, 27, 56, 4, 5
2018/3/15, 59, 30, 28, 61, 5, 7
2018/3/16, 63, 25, 23, 29, 2, 7
2018/3/17, 63, 32, 23, 29, 1, 7
2018/3/18, 72, 36, 32, 34, 1, 9
2018/3/19, 60, 33, 31, 43, , 7
2018/3/20, 52, 35, 26, 82, 3, 10
2018/3/21, 68, 32, 30, 58, 2, 4
2018/3/22, 59, 37, 33, 59, 3, 5
2018/3/23, 56, 42, 18, 41, 3, 4
2018/3/24, 93, 45, 27, 35, 2, 4
2018/3/25, 101, 35, 29, 49, 2, 8
2018/3/26, 66, 23, 30, 51, 3, 6
2018/3/27, 57, 22, 25, 58, 4, 7
2018/3/28, 57, 26, 28, 59, 4, 8
2018/3/29, 53, 17, 22, 46, 3, 6
2018/3/30, 52, 17, 24, 36, 4, 5
2018/3/31, 55, 17, 29, 32, 2, 5
2017/10/1, 48, 26, 24, 47, 4, 2
2017/10/2, 60, 20, 23, 37, 2, 3
2017/10/3, 58, 23, 22, 51, 5, 2
2017/10/4, 57, 15, 23, 31, 1, 2
2017/10/5, 48, 19, 21, 38, 2, 4
2017/10/6, 54, 16, 19, 39, 3, 4
2017/10/7, 55, 18, 20, 33, 2, 4
2017/10/8, 57, 25, 12, 50, 5, 6
2017/10/9, 71, 21, 19, 44, 4, 5
2017/10/10, 59, 22, 20, 44, 4, 4
2017/10/11, 51, 38, 17, 52, 5, 6
2017/10/12, 68, 27, 17, 42, 4, 5
2017/10/13, 68, 28, 16, 39, 3, 4
2017/10/14, 75, 35, 29, 42, 3, 5
2017/10/15, 87, 40, 29, 42, 4, 5
2017/10/16, 87, 38, 24, 51, 5, 6
2017/10/17, 69, 44, 7, 39, 4, 5
2017/10/18, 103, 37, 26, 41, 4, 5
2017/10/19, 91, 24, 25, 58, 4, 5
2017/10/20, 55, 23, 26, 36, 2, 4
2017/10/21, 56, 15, 26, 36, 2, 3
2017/10/22, 49, 24, 17, 53, 4, 6
2017/10/23, 61, 22, 24, 47, 4, 5
2017/10/24, 66, 27, 24, 55, 4, 6
2017/10/25, 72, 30, 6, 48, 5, 6
2017/10/26, 89, 27, 16, 37, 3, 4
2017/10/27, 75, 24, 19, 43, 4, 6
2017/10/28, 66, 16, 24, 26, 3, 2
2017/10/29, 52, 29, 13, 45, 4, 6
2017/10/30, 71, 35, 12, 69, 6, 9
2017/10/31, 75, 38, 10, 68, 6, 9
2017/11/1, 84, 52, 2, 51, 9, 9
2017/11/2, 110, 54, 11, 64, 10, 9
2017/11/3, 123, 35, 13, 35, 27, 4
2017/11/4, 88, 30, 19, 30, 8, 4
2017/11/5, 82, 40, 10, 51, 11, 7
2017/11/6, 94, 24, 24, 47, 9, 5
2017/11/7, 60, 23, 21, 35, 7, 4
2017/11/8, 60, 34, 4, 50, 9, 7
2017/11/9, 75, 25, 23, 41, 6, 5
2017/11/10, 57, 28, 12, 41, 2, 4
2017/11/11, 65, 17, 24, 26, 1, 4
2017/11/12, 53, 24, 16, 33, 2, 4
2017/11/13, 67, 33, 9, 55, 6, 8
2017/11/14, 64, 34, 7, 49, 5, 8
2017/11/15, 81, 30, 13, 47, 4, 6
2017/11/16, 71, 35, 13, 52, 3, 7
2017/11/17, 85, 29, 10, 43, 4, 4
2017/11/18, 72, 25, 12, 42, 3, 4
2017/11/19, 61, 25, 16, 47, 6, 6
2017/11/20, 61, 30, 22, 48, 7, 6
2017/11/21, 63, 33, 26, 43, 4, 5
2017/11/22, 66, 27, 26, 54, 7, 6
2017/11/23, 54, 31, 9, 44, 5, 6
2017/11/24, 88, 29, 16, 40, 5, 7
2017/11/25, 78, 23, 18, 38, 4, 6
2017/11/26, 52, 19, 21, 42, 5, 6
2017/11/27, 49, 22, 11, 34, 3, 5
2017/11/28, 57, 18, 15, 34, 2, 4
2017/11/29, 52, 21, 23, 28, 2, 4
2017/11/30, 51, 20, 24, 28, 2, 3
2017/12/1, 52, 35, 8, 47, 5, 8
2017/12/2, 82, 32, 8, 34, 2, 5
2017/12/3, 67, 31, 5, 42, 4, 6
2017/12/4, 65, 26, 18, 54, 7, 8
2017/12/5, 57, 23, 21, 64, 6, 8
2017/12/6, 56, 22, 22, 39, 4, 7
2017/12/7, 57, 17, 16, 40, 3, 6
2017/12/8, 50, 31, 11, 52, 6, 8
2017/12/9, 78, 27, 15, 38, 3, 8
2017/12/10, 55, 14, 14, 33, 1, 6
2017/12/11, 53, 33, 12, 63, 10, 11
2017/12/12, 86, 20, 26, 57, 9, 10
2017/12/13, 58, 28, 23, 64, 13, 8
2017/12/14, 61, 19, 13, 32, 13, 3
2017/12/15, 57, 22, 6, 34, 13, 3
2017/12/16, 57, 24, 17, 39, 13, 5
2017/12/17, 68, 32, 15, 38, 15, 5
2017/12/18, 76, 46, 2, 56, 20, 9
2017/12/19, 107, 35, 1, 48, 13, 7
2017/12/20, 86, 31, 11, 48, 6, 6
2017/12/21, 76, 27, 10, 41, 2, 5
2017/12/22, 67, 18, 19, 33, 2, 4
2017/12/23, 52, 12, 25, 28, 5, 4
2017/12/24, 42, 16, 27, 18, 13, 4
2017/12/25, 49, 12, 25, 31, 21, 4
2017/12/26, 37, 10, 26, 23, 20, 4
2017/12/27, 39, 25, 9, 44, 5, 5
2017/12/28, 55, 21, 25, 44, 4, 3
2017/12/29, 54, 29, 27, 38, 4, 3
2017/12/30, 60, 9, 29, 6, , 2
2017/12/31, 24, 18, 27, 39, 4, 3
2017/7/1, 63, 18, 31, 24, 1, 1
2017/7/2, 51, 21, 26, 53, 4, 3
2017/7/3, 56, 21, 26, 63, 5, 4
2017/7/4, 60, 26, 31, 53, 3, 2
2017/7/5, 66, 35, 56, 67, 3, 4
2017/7/6, 84, 23, 34, 47, 3, 3
2017/7/7, 67, 19, 34, 31, 2, 4
2017/7/8, 58, 24, 43, 59, 3, 5
2017/7/9, 63, 21, 29, 47, 3, 3
2017/7/10, 57, 20, 21, 57, 4, 4
2017/7/11, 56, 18, 25, 31, 2, 2
2017/7/12, 52, 25, 35, 61, 5, 4
2017/7/13, 60, 21, 26, 27, 2, 5
2017/7/14, 64, 21, 20, 36, 4, 5
2017/7/15, 59, 15, 14, 24, 3, 3
2017/7/16, 49, 24, 35, 37, 2, 4
2017/7/17, 54, 34, 42, 50, 3, 5
2017/7/18, 68, 32, 33, 47, 3, 6
2017/7/19, 74, 24, 23, 42, 4, 4
2017/7/20, 59, 21, 28, 42, 3, 5
2017/7/21, 59, 17, 25, 41, 3, 4
2017/7/22, 50, 18, 23, 35, 4, 4
2017/7/23, 54, 15, 23, 27, 2, 3
2017/7/24, 52, 21, 29, 32, 2, 2
2017/7/25, 64, 25, 21, 44, 4, 4
2017/7/26, 62, 27, 22, 39, 4, 5
2017/7/27, 58, 27, 23, 35, 3, 6
2017/7/28, 53, 22, 24, 39, 4, 3
2017/7/29, 52, 20, 28, 29, 3, 3
2017/7/30, 48, 33, 27, 36, 4, 3
2017/7/31, 54, 23, 29, 39, 5, 2
2017/8/1, 53, 17, 25, 35, 5, 2
2017/8/2, 52, 30, 27, 33, 4, 3
2017/8/3, 53, 25, 28, 43, 4, 4
2017/8/4, 58, 22, 29, 26, 2, 3
2017/8/5, 57, 20, 32, 34, 2, 5
2017/8/6, 53, 21, 25, 38, 3, 5
2017/8/7, 57, 17, 72, 27, 3, 4
2017/8/8, 67, 15, 74, 29, 2, 3
2017/8/9, 59, 25, 29, 33, 1, 3
2017/8/10, 63, 28, 27, 51, 4, 3
2017/8/11, 67, 14, 27, 28, 2, 3
2017/8/12, 51, 17, 36, 31, 1, 2
2017/8/13, 55, 24, 35, 56, 3, 3
2017/8/14, 61, 21, 30, 43, 2, 3
2017/8/15, 60, 22, 39, 50, 3, 3
2017/8/16, 58, 21, 30, 44, 3, 3
2017/8/17, 58, 22, 24, 46, 4, 3
2017/8/18, 56, 17, 29, 34, 2, 3
2017/8/19, 49, 18, 30, 38, 2, 3
2017/8/20, 51, 20, 19, 38, 3, 3
2017/8/21, 54, 35, 17, 42, 3, 4
2017/8/22, 90, 44, 35, 40, 2, 4
2017/8/23, 92, 21, 44, 46, 4, 3
2017/8/24, 57, 35, 58, 56, 4, 4
2017/8/25, 77, 28, 40, 42, 2, 4
2017/8/26, 78, 27, 35, 34, 1, 4
2017/8/27, 79, 45, 49, 52, 2, 5
2017/8/28, 117, 32, 23, 45, 4, 4
2017/8/29, 83, 55, 19, 29, 2, 4
2017/8/30, 71, 27, 26, 45, 4, 3
2017/8/31, 63, 23, 29, 36, 2, 3
2017/9/1, 73, 23, 31, 44, 2, 3
2017/9/2, 66, 18, 32, 40, 2, 3
2017/9/3, 52, 18, 22, 42, 4, 4
2017/9/4, 57, 17, 21, 44, 4, 3
2017/9/5, 52, , , , , 
2017/9/8, 24, 9, 22, 19, 2, 3
2017/9/9, 25, 17, 25, 32, 3, 3
2017/9/10, 46, 18, 26, 41, 4, 3
2017/9/11, 53, 17, 27, 46, 4, 3
2017/9/12, 50, 17, 36, 44, 4, 3
2017/9/13, 50, 14, 43, 34, 2, 3
2017/9/14, 51, 15, 41, 38, 3, 3
2017/9/15, 57, 15, 22, 28, 2, 4
2017/9/16, 62, 13, 27, 26, 1, 4
2017/9/17, 53, 21, 24, 36, 1, 3
2017/9/18, 70, 23, 18, 42, 2, 3
2017/9/19, 78, 28, 18, 55, 5, 3
2017/9/20, 68, 23, 24, 56, 4, 3
2017/9/21, 63, 23, 21, 56, 6, 3
2017/9/22, 63, 19, 24, 43, 3, 3
2017/9/23, 59, 29, 32, 40, 2, 3
2017/9/24, 88, 43, 13, 46, 3, 4
2017/9/25, 120, 43, 12, 44, 3, 4
2017/9/26, 119, 49, 27, 53, 4, 4
2017/9/27, 146, 25, 24, 59, 5, 3
2017/9/28, 65, 28, 19, 55, 5, 3
2017/9/29, 73, 20, 24, 50, 4, 3
2017/9/30, 56, 13, 23, 35, 3, 3
2017/4/1, 60, 23, 34, 33, 2, 3
2017/4/2, 65, 34, 36, 56, 3, 4
2017/4/3, 93, 27, 27, 37, 1, 2
2017/4/4, 70, 28, 32, 37, , 2
2017/4/5, 77, 35, 29, 45, 2, 3
2017/4/6, 87, 36, 32, 40, 1, 4
2017/4/7, 88, 47, 42, 67, 3, 7
2017/4/8, 110, 46, 43, 49, 2, 6
2017/4/9, 102, 24, 33, 31, 1, 4
2017/4/10, 62, 25, 34, 38, 2, 5
2017/4/11, 57, 27, 33, 40, 3, 6
2017/4/12, 65, 26, 33, 35, 1, 5
2017/4/13, 66, 20, 29, 38, 3, 6
2017/4/14, 51, 17, 39, 29, 1, 4
2017/4/15, 47, 17, 34, 29, 1, 6
2017/4/16, 54, 18, 32, 28, , 5
2017/4/17, 49, 23, 35, 34, , 6
2017/4/18, 47, 25, 31, 55, 1, 4
2017/4/19, 59, 32, 32, 53, 4, 3
2017/4/20, 77, 36, 42, 37, 3, 2
2017/4/21, 81, 22, 68, 33, 1, 1
2017/4/22, 60, 25, 43, 36, 2, 2
2017/4/23, 58, 29, 29, 39, 4, 3
2017/4/24, 73, 20, 27, 28, 2, 2
2017/4/25, 55, 20, 24, 31, 1, 2
2017/4/26, 58, 28, 28, 44, 3, 4
2017/4/27, 62, 28, 24, 40, 2, 4
2017/4/28, 70, 26, 35, 50, 4, 4
2017/4/29, 64, 27, 36, 32, 2, 4
2017/4/30, 67, 16, 30, 29, 2, 4
2017/5/1, 45, 33, 29, 36, 1, 3
2017/5/2, 70, 35, 32, 35, 1, 3
2017/5/3, 77, 39, 32, 37, , 2
2017/5/4, 78, 29, 33, 36, 1, 2
2017/5/5, 57, 33, 29, 29, 1, 2
2017/5/6, 89, 30, 36, 25, 1, 2
2017/5/7, 78, 31, 31, 28, , 2
2017/5/8, 62, 31, 30, 35, , 2
2017/5/9, 61, 31, 28, 53, 3, 3
2017/5/10, 67, 47, 23, 55, 4, 4
2017/5/11, 112, 33, 35, 51, 4, 4
2017/5/12, 84, 31, 37, 48, 3, 3
2017/5/13, 72, 21, 32, 35, 2, 2
2017/5/14, 51, 24, 24, 48, 3, 3
2017/5/15, 57, 26, 23, 45, 4, 4
2017/5/16, 60, 28, 14, 42, 4, 4
2017/5/17, 78, 28, 24, 40, 3, 5
2017/5/18, 72, 22, 30, 44, 3, 5
2017/5/19, 61, 21, 32, 48, 3, 6
2017/5/20, 53, 19, 37, 45, 2, 5
2017/5/21, 51, 29, 41, 60, 2, 6
2017/5/22, 72, 23, 21, 47, 3, 6
2017/5/23, 59, 26, 91, 47, 2, 5
2017/5/24, 71, 35, 54, 60, 3, 6
2017/5/25, 73, 30, 40, 55, 3, 6
2017/5/26, 70, 28, 39, 47, 2, 5
2017/5/27, 73, 23, 33, 38, 1, 5
2017/5/28, 62, 24, 34, 39, 2, 5
2017/5/29, 63, 20, 27, 47, 4, 6
2017/5/30, 58, 25, 21, 39, 3, 4
2017/5/31, 59, 25, 35, 53, 5, 5
2017/6/1, 63, 30, 32, 52, 4, 4
2017/6/2, 85, 23, 33, 32, 3, 3
2017/6/3, 59, 18, 30, 35, 3, 3
2017/6/4, 48, 21, 29, 43, 3, 4
2017/6/5, 53, 19, 26, 42, 4, 4
2017/6/6, 51, 89, 27, 45, 3, 4
2017/6/7, 53, 22, 25, 50, 4, 4
2017/6/8, 62, 27, 27, 48, 4, 5
2017/6/9, 63, 22, 28, 36, 3, 4
2017/6/10, 59, 19, 31, 32, 2, 4
2017/6/11, 53, 21, 27, 43, 4, 4
2017/6/12, 55, 24, 27, 44, 3, 4
2017/6/13, 61, 29, 42, 47, 2, 3
2017/6/14, 67, 31, 31, 49, 4, 4
2017/6/15, 71, 25, 29, 33, 2, 3
2017/6/16, 63, 27, 38, 36, 2, 5
2017/6/17, 74, 28, 63, 46, 2, 5
2017/6/18, 77, 39, 66, 65, 2, 6
2017/6/19, 92, 45, 38, 62, 2, 5
2017/6/20, 105, 43, 83, 62, 3, 6
2017/6/21, 96, 36, 44, 51, 3, 6
2017/6/22, 81, 22, 26, 45, 3, 4
2017/6/23, 56, 20, 21, 34, 2, 4
2017/6/24, 52, 15, 21, 27, 2, 3
2017/6/25, 44, 23, 29, 36, 1, 2
2017/6/26, 52, 28, 21, 44, 2, 3
2017/6/27, 67, 21, 20, 32, 2, 2
2017/6/28, 68, 20, 18, 57, 4, 2
2017/6/29, 58, 20, 25, 32, 2, 1
2017/6/30, 61, 22, 27, 33, 1, 1
2017/1/2, 72, 28, 13, 49, 6, 4
2017/1/3, 64, 33, 19, 45, 3, 2
2017/1/4, 73, 45, 11, 57, 4, 7
2017/1/5, 98, 46, 13, 72, 7, 7
2017/1/6, 101, 26, 13, 38, 4, 4
2017/1/7, 86, 29, 11, 45, 5, 5
2017/1/8, 89, 24, 19, 52, 6, 4
2017/1/9, 71, 34, 13, 50, 6, 4
2017/1/10, 82, 56, 27, 42, 5, 3
2017/1/11, 74, 24, 24, 51, 7, 4
2017/1/12, 68, 24, 25, 35, 8, 2
2017/1/13, 70, 24, 19, 36, 4, 3
2017/1/14, 68, 24, 13, 39, 4, 3
2017/1/15, 64, 30, 11, 52, 4, 3
2017/1/16, 80, 45, 12, 59, 5, 4
2017/1/17, 99, 61, 6, 72, 7, 7
2017/1/18, 125, 60, 6, 61, 5, 5
2017/1/19, 132, 49, 10, 58, 4, 4
2017/1/20, 97, 50, 9, 54, 5, 5
2017/1/21, 104, 73, 6, 63, 8, 13
2017/1/22, 164, 83, 6, 74, 13, 15
2017/1/23, 177, 66, 6, 71, 11, 12
2017/1/24, 155, 47, 7, 64, 8, 10
2017/1/25, 119, 59, 12, 47, 5, 5
2017/1/26, 143, 62, 6, 47, 5, 5
2017/1/27, 143, 39, 25, 45, 5, 4
2017/1/28, 69, 23, 24, 41, 4, 3
2017/1/29, 50, 31, 16, 41, 5, 3
2017/1/30, 79, 33, 11, 40, 5, 4
2017/1/31, 97, 24, 18, 44, 6, 5
2017/2/1, 73, 26, 26, 39, 5, 3
2017/2/2, 59, 31, 31, 50, 5, 4
2017/2/3, 54, 33, 19, 64, 6, 6
2017/2/4, 68, 28, 17, 43, 4, 4
2017/2/5, 78, 42, 20, 54, 6, 7
2017/2/6, 103, 35, 24, 55, 5, 5
2017/2/7, 79, 41, 10, 44, 3, 2
2017/2/8, 91, 41, 17, 52, 2, 2
2017/2/9, 104, 50, 12, 43, 3, 3
2017/2/10, 133, 43, 17, 34, 3, 4
2017/2/11, 123, 49, 13, 35, 3, 5
2017/2/12, 133, 59, 11, 35, 3, 4
2017/2/13, 144, 50, 9, 46, 4, 4
2017/2/14, 108, 35, 19, 50, 4, 3
2017/2/15, 82, 36, 21, 57, 6, 4
2017/2/16, 69, 37, 20, 54, 6, 5
2017/2/17, 80, 37, 27, 49, 4, 4
2017/2/18, 92, 30, 24, 43, 4, 5
2017/2/19, 77, 25, 18, 40, 5, 4
2017/2/20, 66, 22, 23, 47, 5, 5
2017/2/21, 57, 19, 30, 50, 5, 2
2017/2/22, 59, 21, 32, 34, 3, 2
2017/2/23, 48, 25, 30, 44, 2, 3
2017/2/24, 61, 28, 31, 41, 3, 4
2017/2/25, 62, 15, 33, 34, 2, 4
2017/2/26, 47, 17, 36, 51, 5, 6
2017/2/27, 53, 25, 33, 49, 6, 5
2017/2/28, 55, 29, 33, 55, 5, 2
2017/3/1, 60, 32, 34, 48, 4, 2
2017/3/2, 60, 32, 29, 48, 3, 2
2017/3/3, 71, 26, 38, 45, 4, 2
2017/3/4, 60, 17, 36, 39, 3, 2
2017/3/5, 46, 26, 34, 37, 3, 2
2017/3/6, 57, 27, 31, 47, 3, 2
2017/3/7, 61, 27, 38, 51, 5, 2
2017/3/8, 77, 24, 31, 46, 3, 2
2017/3/9, 68, 28, 19, 56, 4, 4
2017/3/10, 69, 37, 20, 50, 4, 4
2017/3/11, 90, 39, 17, 38, 3, 3
2017/3/12, 102, 29, 29, 42, 2, 3
2017/3/13, 65, 28, 22, 43, 4, 4
2017/3/14, 72, 36, 19, 52, 5, 5
2017/3/15, 81, 37, 20, 50, 6, 6
2017/3/16, 92, 26, 28, 47, 4, 5
2017/3/17, 56, 21, 26, 37, 4, 5
2017/3/18, 53, 18, 29, 32, 3, 5
2017/3/19, 48, 23, 28, 46, 5, 6
2017/3/20, 53, 26, 30, 50, 5, 7
2017/3/21, 54, 24, 30, 51, 3, 7
2017/3/22, 55, 32, 26, 41, 2, 3
2017/3/23, 86, 40, 26, 37, 1, 2
2017/3/24, 96, 23, 37, 39, 1, 2
2017/3/25, 59, 19, 32, 33, 1, 2
2017/3/26, 53, 46, 24, 41, 2, 4
2017/3/27, 118, 50, 34, 50, 4, 5
2017/3/28, 121, 27, 35, 50, 3, 4
2017/3/29, 65, 28, 41, 59, 3, 4
2017/3/30, 64, 27, 38, 60, 4, 4
2017/3/31, 65, 24, 38, 50, 4, 4
2016/10/1, 63, 21, 23, 32, 3, 2
2016/10/2, 63, 29, 18, 52, 6, 5
2016/10/3, 71, 29, 16, 40, 9, 3
2016/10/4, 70, 28, 19, 38, 7, 2
2016/10/5, 57, 22, 25, 45, 3, 1
2016/10/6, 55, 26, 15, 45, 4, 2
2016/10/7, 72, 22, 25, 31, 4, 1
2016/10/8, 67, 17, 26, 28, 4, 1
2016/10/9, 53, 23, 23, 36, 5, 1
2016/10/10, 63, 23, 17, 42, 6, 3
2016/10/11, 65, 23, 18, 36, 7, 4
2016/10/12, 64, 26, 11, 36, 8, 5
2016/10/13, 71, 33, 11, 41, 11, 5
2016/10/14, 83, 31, 26, 50, 12, 6
2016/10/15, 77, 21, 28, 40, 7, 5
2016/10/16, 57, 28, 27, 59, 10, 8
2016/10/17, 65, 21, 27, 42, 7, 6
2016/10/18, 54, 22, 20, 36, 6, 4
2016/10/19, 66, 25, 17, 35, 7, 3
2016/10/20, 65, 24, 14, 41, 7, 3
2016/10/21, 74, 22, 18, 34, 8, 3
2016/10/22, 66, 24, 17, 32, 9, 3
2016/10/23, 70, 33, 9, 43, 9, 3
2016/10/24, 86, 44, 6, 51, 9, 4
2016/10/25, 109, 41, 19, 59, 8, 6
2016/10/26, 95, 33, 24, 57, 7, 5
2016/10/27, 80, 35, 22, 47, 8, 4
2016/10/28, 86, 46, 7, 55, 9, 6
2016/10/29, 106, 55, 3, 48, 15, 7
2016/10/30, 140, 58, 2, 50, 12, 7
2016/10/31, 141, 47, 17, 52, 6, 7
2016/11/1, 108, 34, 15, 63, 2, 4
2016/11/2, 89, 44, 12, 78, 7, 6
2016/11/3, 102, 36, 9, 65, 6, 5
2016/11/4, 84, 38, 21, 37, 5, 3
2016/11/5, 86, 25, 18, 25, 6, 2
2016/11/6, 74, 22, 20, 37, 5, 2
2016/11/7, 59, 33, 7, 50, 7, 3
2016/11/8, 80, 21, 11, 42, 5, 4
2016/11/9, 58, 30, 15, 51, 6, 5
2016/11/10, 65, 36, 11, 52, 4, 5
2016/11/11, 83, 27, 14, 45, 3, 5
2016/11/12, 75, 30, 17, 38, 2, 4
2016/11/13, 68, 39, 13, 59, 7, 5
2016/11/14, 85, 33, 14, 46, 6, 5
2016/11/15, 72, 27, 20, 56, 6, 2
2016/11/16, 62, 30, 25, 58, 6, 2
2016/11/17, 62, 28, 26, 66, 7, 5
2016/11/18, 59, 26, 17, 53, 6, 4
2016/11/19, 57, 17, 24, 37, 7, 3
2016/11/20, 62, 25, 26, 45, 8, 3
2016/11/21, 85, 25, 25, 50, 6, 7
2016/11/22, 53, 55, 18, 43, 7, 6
2016/11/23, 70, 23, 26, 41, 4, 5
2016/11/24, 48, 23, 25, 45, 4, 2
2016/11/25, 52, 29, 18, 37, 6, 6
2016/11/26, 76, 23, 22, 36, 5, 5
2016/11/27, 67, 26, 24, 48, 4, 6
2016/11/28, 57, 43, 5, 63, 6, 9
2016/11/29, 97, 83, 3, 86, 13, 17
2016/11/30, 151, 60, 3, 74, 11, 11
2016/12/1, 139, 52, 5, 55, 11, 6
2016/12/2, 124, 29, 17, 48, 10, 2
2016/12/3, 58, 31, 11, 46, 11, 2
2016/12/4, 67, 58, 1, 51, 15, 6
2016/12/5, 130, 59, 4, 59, 19, 8
2016/12/6, 147, 46, 10, 58, 15, 4
2016/12/7, 104, 40, 12, 52, 10, 3
2016/12/8, 96, 40, 10, 52, 6, 3
2016/12/9, 93, 34, 26, 42, 5, 2
2016/12/10, 82, 28, 11, 48, 5, 4
2016/12/11, 70, 32, 18, 49, 5, 4
2016/12/12, 75, 34, 11, 51, 6, 5
2016/12/13, 87, 43, 8, 55, 5, 5
2016/12/14, 98, 44, 3, 47, 3, 4
2016/12/15, 102, 53, 2, 49, 4, 4
2016/12/16, 125, 46, 1, 54, 5, 6
2016/12/17, 118, 36, 2, 55, 3, 4
2016/12/18, 100, 47, 2, 54, 3, 4
2016/12/19, 112, 40, 10, 44, 4, 4
2016/12/20, 102, 35, 20, 52, 5, 5
2016/12/21, 72, 38, 9, 67, 6, 6
2016/12/22, 76, 23, 25, 51, 3, 3
2016/12/23, 56, 32, 29, 46, 2, 3
2016/12/24, 58, 16, 28, 23, 2, 2
2016/12/25, 39, 20, 26, 72, 3, 3
2016/12/26, 47, 47, 3, 92, 5, 11
2016/12/27, 100, 60, 1, 91, 6, 13
2016/12/28, 141, 52, 4, 70, 6, 9
2016/12/29, 126, 46, 4, 49, 6, 7
2016/12/30, 119, 32, 7, 41, 4, 4
2016/12/31, 83, 16, 27, 13, 3, 2
2017/1/1, 48, 27, 23, 32, 2, 2
2016/7/1, 59, 19, 22, 38, 4, 4
2016/7/2, 60, 20, 27, 39, 3, 4
2016/7/3, 55, 22, 22, 46, 4, 5
2016/7/4, 63, 19, 28, 26, 3, 4
2016/7/5, 46, 21, 31, 35, 3, 1
2016/7/6, 53, 27, 29, 64, 6, 6
2016/7/7, 70, 24, 23, 41, 5, 9
2016/7/8, 71, 22, 17, 37, 4, 8
2016/7/9, 71, 18, 24, 31, 6, 8
2016/7/10, 64, 22, 20, 40, 6, 9
2016/7/11, 69, 26, 17, 38, 6, 8
2016/7/12, 73, 21, 19, 26, 6, 4
2016/7/13, 67, 20, 25, 31, 5, 2
2016/7/14, 68, 23, 19, 47, 6, 5
2016/7/15, 63, 17, 17, 29, 5, 4
2016/7/16, 54, 16, 20, 25, 5, 5
2016/7/17, 55, 24, 42, 48, 6, 7
2016/7/18, 65, 30, 40, 61, 7, 8
2016/7/19, 75, 37, 48, 59, 8, 9
2016/7/20, 87, 22, 28, 34, 7, 6
2016/7/21, 71, 35, 21, 45, 4, 7
2016/7/22, 94, 28, 42, 50, 4, 7
2016/7/23, 75, 20, 27, 34, 4, 6
2016/7/24, 54, 21, 25, 33, 4, 9
2016/7/25, 55, 24, 22, 40, 5, 11
2016/7/26, 62, 24, 18, 39, 4, 9
2016/7/27, 67, 26, 23, 49, 4, 7
2016/7/28, 62, 28, 17, 50, 6, 6
2016/7/29, 60, 23, 25, 30, 3, 7
2016/7/30, 69, 15, 26, 27, 3, 6
2016/7/31, 50, 23, 17, 47, 5, 9
2016/8/1, 58, 24, 16, 42, 5, 10
2016/8/2, 61, 26, 21, 44, 4, 9
2016/8/3, 58, 24, 22, 40, 4, 7
2016/8/4, 58, 22, 29, 40, 4, 7
2016/8/5, 61, 25, 34, 38, 4, 6
2016/8/6, 65, 21, 26, 32, 3, 7
2016/8/7, 53, 21, 23, 29, 3, 5
2016/8/8, 62, 25, 24, 29, 2, 4
2016/8/9, 64, 22, 23, 29, 3, 7
2016/8/10, 59, 22, 18, 32, 4, 8
2016/8/11, 61, 26, 29, 49, 5, 6
2016/8/12, 66, 19, 24, 38, 4, 3
2016/8/13, 55, 18, 27, 30, 2, 1
2016/8/14, 54, 21, 25, 43, 4, 2
2016/8/15, 56, 24, 31, 44, 4, 2
2016/8/16, 60, 32, 36, 53, 4, 2
2016/8/17, 74, 33, 37, 48, 4, 2
2016/8/18, 73, 34, 30, 54, 5, 3
2016/8/19, 86, 26, 27, 35, 4, 2
2016/8/20, 58, 16, 27, 32, 3, 2
2016/8/21, 48, 28, 26, 45, 4, 2
2016/8/22, 64, 29, 40, 65, 5, 2
2016/8/23, 69, 38, 53, 67, 6, 3
2016/8/24, 91, 40, 38, 51, 4, 4
2016/8/25, 101, 28, 28, 45, 5, 3
2016/8/26, 84, 31, 34, 41, 4, 3
2016/8/27, 77, 25, 27, 35, 4, 6
2016/8/28, 67, 23, 30, 31, 3, 3
2016/8/29, 72, 30, 39, 66, 5, 5
2016/8/30, 71, 29, 23, 57, 6, 4
2016/8/31, 68, 28, 26, 48, 6, 4
2016/9/1, 64, 27, 15, 44, 5, 7
2016/9/2, 67, 24, 22, 39, 5, 6
2016/9/3, 62, 20, 22, 26, 6, 6
2016/9/4, 52, 28, 12, 42, 5, 8
2016/9/5, 65, 32, 9, 41, 5, 8
2016/9/6, 80, 33, 37, 56, 3, 7
2016/9/7, 75, 33, 28, 56, 5, 6
2016/9/8, 77, 26, 25, 48, 5, 3
2016/9/9, 62, 24, 20, 40, 4, 2
2016/9/10, 60, 24, 29, 45, 4, 2
2016/9/11, 57, 27, 24, 50, 4, 3
2016/9/12, 62, 44, 44, 67, 4, 3
2016/9/13, 93, 40, 42, 69, 3, 2
2016/9/14, 94, 41, 47, 60, 3, 4
2016/9/15, 100, 37, 26, 29, 2, 3
2016/9/16, 81, 19, 18, 22, 2, 6
2016/9/17, 60, 21, 31, 28, 3, 6
2016/9/18, 70, 34, 20, 34, 3, 6
2016/9/19, 92, 28, 17, 38, 3, 5
2016/9/20, 83, 35, 36, 63, 4, 8
2016/9/21, 85, 34, 23, 59, 5, 8
2016/9/22, 78, 29, 28, 65, 6, 6
2016/9/23, 63, 23, 36, 54, 7, 2
2016/9/24, 61, 24, 30, 41, 7, 4
2016/9/25, 54, 37, 19, 53, 7, 4
2016/9/26, 61, 27, 18, 48, 7, 4
2016/9/27, 62, 35, 19, 48, 8, 4
2016/9/28, 69, 26, 22, 46, 10, 4
2016/9/29, 59, 31, 22, 56, 11, 5
2016/9/30, 65, 23, 19, 47, 7, 4
2016/4/1, 83, 32, 35, 55, 3, 5
2016/4/2, 77, 32, 28, 46, 3, 4
2016/4/3, 86, 29, 30, 60, 5, 4
2016/4/4, 70, 27, 31, 49, 5, 2
2016/4/5, 65, 26, 29, 61, 5, 3
2016/4/6, 57, 24, 20, 51, 5, 4
2016/4/7, 59, 29, 25, 53, 5, 5
2016/4/8, 70, 20, 30, 48, 4, 3
2016/4/9, 49, 18, 34, 41, 4, 3
2016/4/10, 48, 42, 15, 48, 5, 6
2016/4/11, 103, 27, 31, 61, 6, 4
2016/4/12, 63, 29, 26, 60, 5, 4
2016/4/13, 73, 32, 33, 64, 5, 4
2016/4/14, 73, 27, 25, 61, 6, 3
2016/4/15, 75, 19, 25, 39, 5, 2
2016/4/16, 60, 19, 31, 36, 3, 3
2016/4/17, 57, 29, 27, 58, 5, 6
2016/4/18, 67, 23, 32, 45, 3, 3
2016/4/19, 56, 30, 27, 45, 3, 3
2016/4/20, 60, 33, 29, 46, 4, 2
2016/4/21, 69, 28, 29, 45, 3, 2
2016/4/22, 65, 19, 29, 37, 4, 2
2016/4/23, 57, 20, 34, 33, 4, 2
2016/4/24, 60, 25, 26, 43, 6, 3
2016/4/25, 71, 19, 29, 35, 6, 2
2016/4/26, 55, 24, 31, 44, 5, 2
2016/4/27, 62, 29, 30, 53, 6, 4
2016/4/28, 72, 32, 27, 49, 5, 5
2016/4/29, 79, 21, 32, 35, 3, 3
2016/4/30, 63, 24, 36, 44, 3, 7
2016/5/1, 57, 24, 30, 31, 3, 4
2016/5/2, 60, 26, 33, 42, 4, 2
2016/5/3, 67, 33, 38, 70, 5, 4
2016/5/4, 68, 39, 42, 75, 4, 4
2016/5/5, 77, 44, 35, 71, 5, 5
2016/5/6, 96, 45, 45, 54, 6, 4
2016/5/7, 110, 29, 52, 52, 6, 3
2016/5/8, 72, 38, 38, 59, 7, 4
2016/5/9, 83, 36, 20, 49, 6, 6
2016/5/10, 92, 42, 19, 49, 7, 9
2016/5/11, 113, 42, 52, 53, 8, 4
2016/5/12, 98, 34, 39, 36, 6, 3
2016/5/13, 77, 22, 36, 34, 5, 2
2016/5/14, 59, 29, 40, 44, 5, 3
2016/5/15, 79, 34, 37, 47, 5, 3
2016/5/16, 79, 30, 36, 61, 6, 4
2016/5/17, 76, 27, 36, 60, 8, 4
2016/5/18, 70, 27, 28, 50, 7, 3
2016/5/19, 71, 26, 28, 55, 7, 4
2016/5/20, 65, 22, 27, 43, 8, 4
2016/5/21, 60, 20, 31, 33, 8, 3
2016/5/22, 59, 17, 29, 32, 5, 2
2016/5/23, 49, 17, 28, 36, 3, 2
2016/5/24, 47, 26, 33, 39, 3, 3
2016/5/25, 66, 30, 31, 59, 4, 5
2016/5/26, 72, 34, 35, 52, 4, 4
2016/5/27, 78, 32, 40, 44, 3, 2
2016/5/28, 87, 22, 36, 24, 4, 2
2016/5/29, 70, 19, 32, 20, 4, 2
2016/5/30, 62, 14, 28, 25, 4, 2
2016/5/31, 52, 18, 30, 27, 4, 2
2016/6/1, 53, 17, 32, 36, 4, 2
2016/6/2, 50, 25, 30, 41, 4, 2
2016/6/3, 75, 36, 27, 37, 5, 1
2016/6/4, 95, 33, 34, 32, 4, 2
2016/6/5, 77, 32, 24, 52, 4, 3
2016/6/6, 69, 48, 20, 78, 5, 4
2016/6/7, 93, 38, 35, 63, 5, 4
2016/6/8, 90, 34, 19, 54, 5, 1
2016/6/9, 81, 37, 39, 75, 6, 3
2016/6/10, 76, 33, 39, 57, 7, 3
2016/6/11, 82, 27, 28, 43, 7, 4
2016/6/12, 65, 32, 17, 43, 8, 4
2016/6/13, 66, 26, 18, 50, 10, 8
2016/6/14, 63, 27, 23, 54, 10, 4
2016/6/15, 64, 24, 27, 56, 9, 3
2016/6/16, 61, 25, 27, 41, 9, 3
2016/6/17, 71, 29, 21, 37, 7, 3
2016/6/18, 70, 23, 29, 39, 6, 6
2016/6/19, 60, 17, 19, 39, 8, 8
2016/6/20, 49, 23, 21, 55, 7, 9
2016/6/21, 60, 26, 17, 60, 5, 7
2016/6/22, 69, 29, 9, 57, 6, 9
2016/6/23, 75, 26, 25, 57, 6, 5
2016/6/24, 62, 18, 24, 38, 4, 2
2016/6/25, 52, 16, 24, 31, 3, 2
2016/6/26, 52, 15, 26, 27, 3, 2
2016/6/27, 44, 27, 26, 52, 5, 8
2016/6/28, 63, 23, 19, 49, 7, 6
2016/6/29, 59, 24, 25, 59, 5, 3
2016/6/30, 65, 26, 23, 54, 5, 4
2016/1/4, 54, 30, 19, 51, 11, 6
2016/1/5, 61, 38, 2, 52, 12, 7
2016/1/6, 91, 20, 23, 41, 11, 5
2016/1/7, 51, 33, 15, 58, 8, 7
2016/1/8, 71, 23, 29, 40, 3, 4
2016/1/9, 56, 18, 28, 38, 4, 5
2016/1/10, 46, 22, 23, 50, 6, 7
2016/1/11, 59, 22, 22, 43, 5, 7
2016/1/12, 55, 31, 20, 52, 5, 6
2016/1/13, 61, 18, 20, 41, 3, 3
2016/1/14, 47, 20, 17, 44, 1, 4
2016/1/15, 52, 38, 8, 49, 3, 7
2016/1/16, 82, 23, 17, 54, 1, 6
2016/1/17, 58, 34, 15, 52, 3, 7
2016/1/18, 71, 61, 1, 77, 8, 12
2016/1/19, 138, 72, 1, 89, 11, 17
2016/1/20, 159, 55, 12, 61, 6, 11
2016/1/21, 109, 42, 14, 49, 6, 9
2016/1/22, 82, 38, 16, 49, 5, 6
2016/1/23, 77, 20, 14, 35, 4, 3
2016/1/24, 60, 30, 22, 43, 5, 3
2016/1/25, 63, 31, 26, 41, 4, 3
2016/1/26, 61, 17, 27, 39, 5, 2
2016/1/27, 46, 35, 27, 51, 6, 3
2016/1/28, 58, 23, 29, 40, 4, 4
2016/1/29, 50, 27, 29, 39, 5, 6
2016/1/30, 51, 20, 25, 39, 5, 8
2016/1/31, 51, 28, 29, 38, 5, 7
2016/2/1, 59, 34, 27, 44, 5, 8
2016/2/2, 64, 25, 18, 40, 5, 9
2016/2/3, 59, 25, 19, 42, 5, 9
2016/2/4, 63, 29, 25, 48, 5, 7
2016/2/5, 63, 23, 31, 30, 6, 4
2016/2/6, 58, 18, 33, 33, 7, 6
2016/2/7, 40, 31, 32, 39, 7, 7
2016/2/8, 56, 29, 25, 51, 8, 9
2016/2/9, 58, 22, 20, 40, 7, 10
2016/2/10, 59, 48, 12, 68, 9, 12
2016/2/11, 94, 30, 14, 50, 7, 5
2016/2/12, 68, 31, 14, 41, 8, 4
2016/2/13, 83, 25, 27, 34, 7, 4
2016/2/14, 60, 30, 24, 56, 3, 5
2016/2/15, 70, 42, 21, 70, 6, 9
2016/2/16, 77, 37, 22, 69, 5, 8
2016/2/17, 74, 29, 20, 50, 6, 6
2016/2/18, 72, 35, 27, 70, 6, 8
2016/2/19, 74, 22, 30, 50, 5, 4
2016/2/20, 48, 17, 30, 39, 5, 2
2016/2/21, 42, 18, 27, 39, 6, 2
2016/2/22, 54, 28, 20, 45, 5, 4
2016/2/23, 63, 48, 10, 64, 7, 8
2016/2/24, 103, 46, 17, 66, 7, 8
2016/2/25, 104, 46, 17, 62, 7, 8
2016/2/26, 101, 34, 23, 36, 6, 7
2016/2/27, 89, 17, 30, 33, 5, 7
2016/2/28, 51, 29, 24, 49, 4, 8
2016/2/29, 62, 27, 28, 52, 6, 8
2016/3/1, 57, 23, 29, 49, 8, 7
2016/3/2, 48, 23, 28, 44, 8, 4
2016/3/3, 55, 30, 26, 57, 8, 3
2016/3/4, 58, 28, 25, 39, 2, 3
2016/3/5, 78, 29, 23, 34, 1, 3
2016/3/6, 66, 32, 25, 41, 1, 3
2016/3/7, 65, 38, 23, 61, 5, 3
2016/3/8, 77, 21, 24, 45, 3, 3
2016/3/9, 68, 43, 12, 44, 2, 4
2016/3/10, 109, 60, 14, 55, 3, 5
2016/3/11, 154, 66, 19, 48, 3, 5
2016/3/12, 162, 45, 26, 35, 1, 3
2016/3/13, 117, 32, 27, 37, , 3
2016/3/14, 87, 32, 38, 40, 1, 4
2016/3/15, 83, 29, 31, 37, 1, 4
2016/3/16, 76, 41, 34, 48, 1, 5
2016/3/17, 104, 25, 30, 44, 2, 4
2016/3/18, 72, 17, 36, 37, 2, 3
2016/3/19, 52, 18, 32, 34, 3, 3
2016/3/20, 52, 31, 27, 43, 4, 4
2016/3/21, 89, 34, 23, 51, 4, 4
2016/3/22, 90, 44, 18, 52, 5, 5
2016/3/23, 109, 44, 25, 71, 6, 7
2016/3/24, 101, 22, 32, 48, 5, 4
2016/3/25, 63, 24, 34, 41, 6, 2
2016/3/26, 59, 22, 33, 39, 7, 2
2016/3/27, 39, 18, 32, 38, 9, 2
2016/3/28, 44, 25, 30, 65, 7, 3
2016/3/29, 51, 28, 27, 56, 7, 4
2016/3/30, 56, 25, 27, 59, 5, 4
2016/3/31, 67, 34, 29, 68, 5, 7
2015/10/1, 66, 36, 17, 63, 3, 4
2015/10/2, 86, 50, 13, 50, 3, 5
2015/10/3, 129, 44, 33, 55, 4, 6
2015/10/4, 110, 30, 18, 46, 5, 6
2015/10/5, 82, 27, 17, 52, 6, 5
2015/10/6, 77, 28, 10, 41, 6, 4
2015/10/7, 71, 34, 17, 49, 6, 4
2015/10/8, 80, 44, 10, 61, 7, 6
2015/10/9, 102, 26, 17, 42, 3, 3
2015/10/10, 68, 38, 22, 38, 3, 3
2015/10/11, 96, 37, 20, 54, 3, 4
2015/10/12, 92, 26, 21, 52, 3, 4
2015/10/13, 67, 21, 21, 54, 2, 5
2015/10/14, 52, 28, 17, 52, 3, 6
2015/10/15, 72, 35, 22, 52, 3, 5
2015/10/16, 83, 28, 23, 38, 2, 4
2015/10/17, 68, 20, 19, 30, 2, 5
2015/10/18, 64, 26, 20, 49, 3, 5
2015/10/19, 71, 34, 15, 60, 4, 7
2015/10/20, 81, 37, 9, 57, 8, 11
2015/10/21, 88, 34, 25, 48, 6, 8
2015/10/22, 72, 39, 15, 75, 7, 9
2015/10/23, 81, 27, 23, 70, 5, 8
2015/10/24, 75, 27, 14, 58, 4, 7
2015/10/25, 68, 36, 13, 48, 5, 7
2015/10/26, 80, 48, 9, 42, 6, 9
2015/10/27, 95, 33, 15, 54, 7, 9
2015/10/28, 75, 29, 18, 55, 6, 9
2015/10/29, 67, 30, 15, 48, 6, 8
2015/10/30, 68, 50, 6, 39, 5, 8
2015/10/31, 111, 60, 4, 43, 7, 13
2015/11/1, 152, 49, 3, 40, 6, 9
2015/11/2, 116, 46, 8, 41, 7, 6
2015/11/3, 104, 40, 10, 53, 8, 5
2015/11/4, 93, 29, 18, 54, 7, 7
2015/11/5, 74, 26, 20, 43, 6, 7
2015/11/6, 69, 26, 20, 35, 6, 6
2015/11/7, 63, 24, 19, 37, 5, 6
2015/11/8, 63, 29, 26, 42, 6, 6
2015/11/9, 58, 28, 24, 44, 6, 7
2015/11/10, 64, 29, 25, 53, 6, 6
2015/11/11, 60, 36, 23, 53, 6, 6
2015/11/12, 70, 33, 28, 55, 7, 6
2015/11/13, 59, 24, 23, 44, 5, 6
2015/11/14, 58, 21, 25, 28, 4, 5
2015/11/15, 51, 27, 27, 49, 6, 7
2015/11/16, 58, 27, 27, 41, 6, 6
2015/11/17, 55, 33, 27, 43, 5, 6
2015/11/18, 60, 32, 25, 57, 7, 5
2015/11/19, 69, 30, 19, 47, 5, 3
2015/11/20, 55, 19, 26, 30, 6, 3
2015/11/21, 52, 26, 13, 41, 5, 5
2015/11/22, 67, 40, 15, 62, 7, 8
2015/11/23, 104, 28, 22, 56, 7, 7
2015/11/24, 61, 26, 17, 41, 6, 4
2015/11/25, 67, 36, 11, 52, 6, 10
2015/11/26, 78, 28, 23, 49, 6, 10
2015/11/27, 71, 26, 28, 44, 5, 10
2015/11/28, 54, 23, 29, 36, 5, 10
2015/11/29, 51, 23, 26, 49, 5, 10
2015/11/30, 53, 27, 28, 58, 6, 9
2015/12/1, 62, 33, 32, 55, 5, 9
2015/12/2, 70, 35, 25, 50, 5, 7
2015/12/3, 75, 30, 26, 51, 6, 6
2015/12/4, 65, 27, 32, 41, 5, 6
2015/12/5, 57, 25, 32, 37, 5, 6
2015/12/6, 56, 33, 23, 41, 6, 5
2015/12/7, 72, 29, 23, 51, 6, 5
2015/12/8, 68, 33, 22, 54, 7, 6
2015/12/9, 68, 30, 29, 50, 6, 6
2015/12/10, 70, 29, 20, 51, 7, 6
2015/12/11, 64, 29, 28, 43, 6, 5
2015/12/12, 61, 24, 19, 36, 6, 5
2015/12/13, 62, 33, 16, 44, 6, 5
2015/12/14, 78, 37, 7, 42, 5, 6
2015/12/15, 90, 33, 25, 52, 6, 6
2015/12/16, 70, 48, 16, 49, 6, 6
2015/12/17, 95, 36, 20, 59, 6, 6
2015/12/18, 79, 31, 19, 40, 5, 5
2015/12/19, 75, 26, 27, 44, 6, 5
2015/12/20, 57, 24, 26, 55, 6, 5
2015/12/21, 54, 17, 27, 42, 6, 4
2015/12/22, 70, 28, 28, 52, 5, 4
2015/12/23, 60, 22, 27, 41, 6, 3
2015/12/24, 54, 18, 26, 30, 5, 3
2015/12/25, 42, 23, 28, 22, 5, 2
2015/12/26, 60, 56, 28, 38, 5, 5
2015/12/27, 98, 37, 16, 36, 6, 4
2015/12/28, 75, 24, 26, 53, 6, 5
2015/12/29, 59, 20, 27, 37, 7, 3
2015/12/30, 50, , , , , 
2016/1/1, 64, 15, 19, 28, 9, 3
2016/1/2, 48, 17, 25, 37, 10, 3
2016/1/3, 42, 25, 19, 44, 11, 5
2015/7/1, 104, 33, 41, 70, 6, 7
2015/7/2, 77, 22, 30, 45, 5, 4
2015/7/3, 53, 33, 34, 43, 5, 3
2015/7/4, 81, 24, 30, 35, 6, 3
2015/7/5, 62, 23, 27, 49, 6, 3
2015/7/6, 60, 25, 28, 53, 6, 4
2015/7/7, 53, 24, 31, 39, 6, 3
2015/7/8, 59, 33, 36, 42, 5, 2
2015/7/9, 54, 28, 43, 65, 6, 4
2015/7/10, 63, 26, 30, 44, 7, 3
2015/7/11, 62, 19, 21, 38, 6, 5
2015/7/12, 57, 20, 15, 45, 7, 5
2015/7/13, 64, 19, 14, 40, 5, 5
2015/7/14, 58, 22, 18, 41, 5, 10
2015/7/15, 61, 33, 33, 53, 4, 4
2015/7/16, 71, 34, 30, 62, 5, 6
2015/7/17, 70, 26, 35, 56, 5, 5
2015/7/18, 66, 23, 34, 47, 4, 5
2015/7/19, 57, 31, 16, 45, 5, 6
2015/7/20, 74, 26, 22, 57, 5, 6
2015/7/21, 64, 25, 25, 58, 5, 6
2015/7/22, 62, 24, 28, 53, 5, 5
2015/7/23, 56, 29, 25, 58, 4, 4
2015/7/24, 70, 19, 27, 27, 4, 4
2015/7/25, 54, 23, 24, 50, 5, 7
2015/7/26, 63, 23, 23, 52, 6, 7
2015/7/27, 56, 19, 27, 48, 5, 7
2015/7/28, 48, 21, 24, 34, 4, 4
2015/7/29, 49, 31, 24, 40, 4, 2
2015/7/30, 49, 27, 35, 63, 5, 7
2015/7/31, 70, 33, 28, 47, 5, 5
2015/8/1, 66, 22, 46, 49, 4, 5
2015/8/2, 57, 26, 26, 44, 5, 6
2015/8/3, 66, 25, 28, 35, 3, 4
2015/8/4, 62, 27, 27, 48, 2, 5
2015/8/5, 70, 23, 25, 60, 6, 6
2015/8/6, 69, 26, 28, 54, 5, 3
2015/8/7, 67, 27, 41, 42, 4, 4
2015/8/8, 63, 22, 36, 49, 5, 4
2015/8/9, 62, 21, 22, 38, 5, 3
2015/8/10, 59, 22, 12, 43, 5, 3
2015/8/11, 56, 20, 22, 37, 4, 3
2015/8/12, 49, 31, 18, 28, 5, 3
2015/8/13, 76, 36, 24, 43, 6, 3
2015/8/14, 95, 25, 27, 27, 6, 3
2015/8/15, 65, 25, 23, 30, 6, 4
2015/8/16, 63, 27, 32, 42, 6, 3
2015/8/17, 65, 32, 23, 50, 7, 5
2015/8/18, 77, 23, 26, 52, 6, 6
2015/8/19, 69, 20, 16, 42, 7, 6
2015/8/20, 63, 21, 22, 44, 6, 5
2015/8/21, 65, 22, 38, 40, 6, 4
2015/8/22, 66, 24, 32, 43, 7, 5
2015/8/23, 71, 18, 16, 35, 9, 3
2015/8/24, 60, 22, 17, 44, 7, 4
2015/8/25, 63, 21, 19, 39, 7, 3
2015/8/26, 64, 24, 19, 45, 5, 4
2015/8/27, 67, 24, 23, 48, 5, 4
2015/8/28, 63, 20, 25, 41, 4, 3
2015/8/29, 62, 27, 22, 27, 2, 3
2015/8/30, 72, 16, 20, 30, 2, 2
2015/8/31, 54, 23, 18, 40, 4, 4
2015/9/1, 70, 23, 20, 41, 4, 4
2015/9/2, 67, 25, 21, 40, 3, 3
2015/9/3, 69, 22, 18, 41, 2, 3
2015/9/4, 69, 21, 20, 39, 2, 3
2015/9/5, 60, 21, 27, 31, 2, 3
2015/9/6, 61, 18, 19, 38, 1, 2
2015/9/7, 52, 16, 18, 38, 1, 3
2015/9/8, 51, 21, 21, 35, 3, 3
2015/9/9, 57, 31, 24, 48, 4, 4
2015/9/10, 72, 39, 32, 51, 5, 5
2015/9/11, 88, 25, 29, 43, 4, 5
2015/9/12, 67, 25, 22, 36, 4, 4
2015/9/13, 60, 26, 25, 40, 6, 6
2015/9/14, 64, 29, 26, 46, 7, 6
2015/9/15, 64, 24, 26, 40, 5, 3
2015/9/16, 56, 29, 27, 48, 6, 6
2015/9/17, 71, 32, 17, 73, 6, 5
2015/9/18, 69, 23, 28, 51, 3, 4
2015/9/19, 65, 30, 32, 50, 5, 6
2015/9/20, 86, 26, 22, 60, 7, 7
2015/9/21, 81, 21, 16, 54, 5, 4
2015/9/22, 58, 27, 16, 55, 6, 3
2015/9/23, 62, 27, 17, 57, 6, 5
2015/9/24, 67, 34, 21, 45, 4, 4
2015/9/25, 73, 30, 22, 44, 3, 4
2015/9/26, 74, 20, 24, 38, 2, 3
2015/9/27, 59, 24, 19, 46, 3, 3
2015/9/28, 59, 28, 18, 44, 2, 3
2015/9/29, 61, 31, 21, 43, 2, 3
2015/9/30, 65, 28, 24, 42, 1, 3
2015/4/1, 46, 23, 26, 42, 4, 5
2015/4/2, 55, 22, 20, 35, 4, 5
2015/4/3, 60, 23, 21, 31, 3, 4
2015/4/4, 66, 21, 27, 29, 2, 5
2015/4/5, 61, 26, 27, 36, 3, 5
2015/4/6, 70, 22, 24, 40, 4, 5
2015/4/7, 49, , , , , 
2015/4/9, 149, 60, 32, 67, 5, 4
2015/4/10, 144, 26, 35, 37, 4, 2
2015/4/11, 65, 24, 36, 41, 4, 
2015/4/12, 56, 28, 29, 45, 5, 2
2015/4/13, 65, 31, 36, 53, 6, 3
2015/4/14, 74, 37, 36, 55, 6, 4
2015/4/15, 89, 27, 24, 38, 4, 3
2015/4/16, 65, 22, 30, 39, 4, 1
2015/4/17, 52, 23, 35, 32, 3, 1
2015/4/18, 53, 23, 34, 34, 3, 15
2015/4/19, 54, 35, 35, 48, 3, 17
2015/4/20, 71, 34, 33, 49, 3, 13
2015/4/21, 69, 27, 30, 47, 3, 8
2015/4/22, 69, 30, 30, 59, 5, 4
2015/4/23, 76, 50, 33, 75, 7, 6
2015/4/24, 125, 26, 31, 51, 6, 4
2015/4/25, 77, 20, 27, 33, 5, 2
2015/4/26, 61, 28, 19, 37, 6, 3
2015/4/27, 66, 29, 26, 46, 6, 3
2015/4/28, 61, 49, 28, 62, 7, 4
2015/4/29, 70, 23, 28, 52, 6, 3
2015/4/30, 63, 26, 27, 43, 5, 3
2015/5/1, 58, 26, 25, 37, 6, 3
2015/5/2, 65, 20, 33, 34, 7, 3
2015/5/3, 64, 20, 37, 34, 7, 3
2015/5/4, 62, 28, 34, 39, 8, 2
2015/5/5, 72, 25, 33, 50, 7, 3
2015/5/6, 66, 26, 31, 69, 6, 5
2015/5/7, 69, 35, 27, 71, 6, 3
2015/5/8, 77, 25, 38, 46, 4, 4
2015/5/9, 50, 30, 37, 53, 4, 3
2015/5/10, 61, 27, 30, 61, 5, 5
2015/5/11, 64, 26, 35, 55, 5, 6
2015/5/12, 55, 31, 30, 57, 3, 5
2015/5/13, 59, 24, 25, 55, 4, 5
2015/5/14, 66, 28, 31, 50, 3, 5
2015/5/15, 62, 24, 39, 32, 3, 6
2015/5/16, 65, 25, 35, 42, 3, 7
2015/5/17, 57, 22, 33, 53, 5, 8
2015/5/18, 57, 20, 28, 50, 6, 7
2015/5/19, 50, 31, 29, 36, 3, 5
2015/5/20, 60, 31, 38, 63, 7, 5
2015/5/21, 73, 32, 21, 45, 6, 4
2015/5/22, 69, 26, 25, 30, 3, 2
2015/5/23, 60, 22, 28, 35, 4, 3
2015/5/24, 58, 25, 34, 27, 2, 3
2015/5/25, 62, 22, 31, 36, 2, 2
2015/5/26, 57, 26, 35, 49, 3, 3
2015/5/27, 70, 22, 35, 34, 4, 3
2015/5/28, 51, 24, 29, 47, 6, 3
2015/5/29, 59, 22, 30, 41, 5, 3
2015/5/30, 59, 21, 30, 31, 4, 2
2015/5/31, 51, 28, 32, 40, 5, 3
2015/6/1, 60, 24, 33, 38, 5, 3
2015/6/2, 58, 28, 27, 38, 5, 3
2015/6/3, 60, 37, 34, 65, 5, 4
2015/6/4, 71, 41, 26, 62, 6, 5
2015/6/5, 89, 21, 33, 34, 4, 2
2015/6/6, 50, 22, 37, 31, 2, 2
2015/6/7, 54, 28, 27, 40, 3, 3
2015/6/8, 61, 30, 31, 32, 2, 3
2015/6/9, 50, 26, 36, 44, 2, 3
2015/6/10, 55, 31, 45, 57, 4, 5
2015/6/11, 69, 48, 44, 67, 4, 6
2015/6/12, 98, 35, 30, 50, 6, 7
2015/6/13, 88, 30, 29, 35, 4, 5
2015/6/14, 69, 23, 30, 40, 3, 4
2015/6/15, 48, 32, 37, 62, 5, 6
2015/6/16, 66, 30, 21, 51, 6, 5
2015/6/17, 63, 39, 32, 33, 3, 4
2015/6/18, 66, 36, 31, 34, 3, 3
2015/6/19, 70, 29, 21, 47, 5, 6
2015/6/20, 71, 20, 28, 30, 4, 6
2015/6/21, 53, 24, 22, 41, 5, 6
2015/6/22, 54, 26, 28, 38, 3, 5
2015/6/23, 55, 26, 35, 77, 6, 8
2015/6/24, 68, 36, 35, 71, 7, 8
2015/6/25, 74, 30, 38, 77, 6, 7
2015/6/26, 70, 27, 32, 48, 5, 6
2015/6/27, 59, 25, 24, 49, 5, 8
2015/6/28, 61, 26, 35, 61, 6, 7
2015/6/29, 64, 34, 45, 77, 6, 7
2015/6/30, 68, 44, 69, 86, 5, 8
2015/1/1, 75, 17, 28, 27, 3, 4
2015/1/2, 42, 16, 21, 37, 2, 4
2015/1/3, 49, 33, 8, 36, 4, 7
2015/1/4, 88, 29, 14, 42, 5, 7
2015/1/5, 72, 19, 24, 36, 4, 7
2015/1/6, 51, 22, 24, 39, 4, 7
2015/1/7, 53, 19, 28, 40, 4, 7
2015/1/8, 50, 20, 31, 39, 5, 8
2015/1/9, 52, 11, 30, 25, 2, 6
2015/1/10, 32, 19, 26, 39, 3, 8
2015/1/11, 46, 17, 34, 39, 4, 8
2015/1/12, 45, 18, 29, 47, 6, 10
2015/1/13, 47, 18, 29, 43, 5, 8
2015/1/14, 44, 20, 34, 45, 6, 9
2015/1/15, 52, 25, 21, 35, 4, 9
2015/1/16, 53, 13, 12, 24, 3, 
2015/1/17, 47, 16, 13, 26, 3, 9
2015/1/18, 55, 26, 10, 41, 4, 6
2015/1/19, 75, 43, 10, 51, 7, 8
2015/1/20, 100, 32, 14, 43, 5, 8
2015/1/21, 82, 42, 6, 46, 4, 8
2015/1/22, 114, 54, 8, 53, 9, 12
2015/1/23, 132, 23, 26, 30, 2, 7
2015/1/24, 50, 36, 15, 44, 5, 11
2015/1/25, 69, 21, 23, 36, 3, 5
2015/1/26, 49, 17, 10, 39, 4, 8
2015/1/27, 48, 13, 25, 42, 5, 9
2015/1/28, 28, 10, 23, 42, 7, 6
2015/1/29, 32, 17, 21, 40, 7, 6
2015/1/30, 44, 14, 21, 36, 6, 5
2015/1/31, 42, 17, 27, 28, 4, 3
2015/2/1, 37, 27, 13, 39, 5, 5
2015/2/2, 53, 25, 18, 49, 4, 5
2015/2/3, 61, 33, 15, 47, 4, 5
2015/2/4, 64, 20, 18, 37, 2, 4
2015/2/5, 48, 22, 18, 23, 2, 4
2015/2/6, 42, 22, 17, 42, 1, 4
2015/2/7, 63, 38, 23, 36, 2, 5
2015/2/8, 68, 37, 15, 41, 3, 6
2015/2/9, 86, 44, 16, 49, 6, 8
2015/2/10, 84, 43, 20, 38, 5, 8
2015/2/11, 97, 55, 4, 49, 6, 7
2015/2/12, 126, 41, 23, 47, 5, 6
2015/2/13, 98, 19, 25, 36, 5, 4
2015/2/14, 52, 42, 14, 38, 5, 6
2015/2/15, 99, 36, 13, 44, 6, 7
2015/2/16, 89, 21, 20, 31, 2, 3
2015/2/17, 52, 27, 25, 38, 4, 6
2015/2/18, 63, 26, 28, 42, 5, 6
2015/2/19, 61, 22, 23, 46, 5, 6
2015/2/20, 50, 18, 26, 33, 5, 5
2015/2/21, 49, 13, 30, 29, 5, 7
2015/2/22, 44, 22, 29, 44, 7, 8
2015/2/23, 51, 20, 23, 35, 6, 8
2015/2/24, 47, 26, 17, 41, 5, 9
2015/2/25, 54, 31, 14, 58, 3, 6
2015/2/26, 51, 29, 17, 46, 6, 5
2015/2/27, 61, 18, 28, 31, 4, 3
2015/2/28, 45, 17, 32, 21, 3, 2
2015/3/1, 43, 18, 29, 37, 5, 4
2015/3/2, 42, 20, 28, 42, 6, 6
2015/3/3, 45, 25, 26, 41, 3, 4
2015/3/4, 50, 29, 19, 48, 6, 6
2015/3/5, 64, 24, 29, 43, 4, 6
2015/3/6, 55, 36, 28, 36, 4, 6
2015/3/7, 76, 30, 27, 36, 4, 6
2015/3/8, 64, 24, 19, 38, 4, 6
2015/3/9, 63, 33, 18, 49, 3, 5
2015/3/10, 61, 43, 20, 41, 4, 7
2015/3/11, 99, 41, 19, 43, 4, 4
2015/3/12, 95, 33, 22, 34, 3, 3
2015/3/13, 80, 25, 26, 19, , 2
2015/3/14, 66, 35, 21, 20, 1, 2
2015/3/15, 81, 42, 12, 33, 4, 5
2015/3/16, 104, 62, 10, 31, 3, 5
2015/3/17, 156, 56, 24, 32, 1, 4
2015/3/18, 143, 49, 32, 37, 1, 3
2015/3/19, 106, 48, 35, 48, 3, 5
2015/3/20, 110, 24, 29, 31, 2, 3
2015/3/21, 55, 29, 29, 24, 2, 3
2015/3/22, 44, 25, 17, 40, 4, 6
2015/3/23, 71, 30, 23, 45, 4, 5
2015/3/24, 59, 39, 16, 49, 4, 7
2015/3/25, 82, 19, 27, 37, 5, 4
2015/3/26, 49, 24, 28, 46, 6, 5
2015/3/27, 54, 20, 25, 31, 4, 4
2015/3/28, 54, 15, 32, 30, 4, 4
2015/3/29, 36, 19, 29, 34, 4, 5
2015/3/30, 41, 13, 32, 21, 3, 4
2015/3/31, 30, 20, 29, 35, 4, 4
2014/10/1, 69, 32, 10, 36, 3, 5
2014/10/2, 72, 36, 21, 47, 4, 6
2014/10/3, 83, 24, 19, 27, 1, 3
2014/10/4, 61, 21, 19, 33, 2, 4
2014/10/5, 56, 22, 16, 35, 2, 4
2014/10/6, 58, 26, 22, 45, 4, 6
2014/10/7, 63, 25, 19, 39, 4, 5
2014/10/8, 63, 25, 22, 30, 2, 2
2014/10/9, 57, 22, 14, 33, 2, 3
2014/10/10, 53, 21, 23, 39, 3, 4
2014/10/11, 57, 19, 23, 26, 2, 3
2014/10/12, 59, 16, 26, 26, 3, 4
2014/10/13, 44, 17, 6, 29, 3, 4
2014/10/14, 46, 30, 7, 31, 2, 3
2014/10/15, 69, 31, 14, 52, 5, 6
2014/10/16, 67, 31, 18, 41, 4, 4
2014/10/17, 62, 24, 20, 33, 2, 3
2014/10/18, 56, 23, 22, 32, 2, 3
2014/10/19, 50, 27, 18, 43, 4, 5
2014/10/20, 62, 15, 21, 25, 2, 1
2014/10/21, 41, 25, 16, 32, 2, 2
2014/10/22, 56, 28, , , , 
2014/10/23, 62, 29, , , , 
2014/10/24, 68, 24, , , , 
2014/10/25, 60, 19, , , , 
2014/10/26, 49, 24, , , , 
2014/10/27, 60, 32, , , , 
2014/10/28, 75, 22, , , , 
2014/10/29, 62, 48, , , , 
2014/10/30, 113, 41, , , , 
2014/10/31, 89, 31, , , , 
2014/11/1, 64, 24, , , , 
2014/11/2, 52, 21, , , , 
2014/11/3, 56, 24, , , , 
2014/11/4, 61, 33, , , , 
2014/11/5, 80, 44, , , , 
2014/11/6, 106, 21, , , , 
2014/11/7, 56, 24, , , , 
2014/11/8, 62, 29, , , , 
2014/11/9, 80, 23, , , , 
2014/11/10, 65, 18, , , , 
2014/11/11, 54, 15, , , , 
2014/11/12, 56, 22, , , , 
2014/11/13, 53, 27, , , , 
2014/11/14, 66, 30, , , , 
2014/11/15, 76, 25, , , , 
2014/11/16, 74, 19, , , , 
2014/11/17, 61, 23, , , , 
2014/11/18, 69, 44, , , , 
2014/11/19, 115, 46, , , , 
2014/11/20, 118, 46, , , , 
2014/11/21, 114, 40, , , , 
2014/11/22, 94, 18, , , , 
2014/11/23, 58, 39, , , , 
2014/11/24, 86, 28, , , , 
2014/11/25, 75, 31, 4, 36, 5, 8
2014/11/26, 84, 34, 4, 40, 7, 12
2014/11/27, 89, 36, 1, 29, 5, 10
2014/11/28, 86, 44, 1, 29, 5, 12
2014/11/29, 105, 39, 9, 29, 3, 10
2014/11/30, 99, 30, 11, 28, 1, 7
2014/12/1, 81, 24, 20, 43, 1, 7
2014/12/2, 62, 24, 18, 40, , 6
2014/12/3, 53, 25, 16, 34, 2, 6
2014/12/4, 68, 30, 5, 37, 3, 4
2014/12/5, 76, 32, 4, 48, 3, 4
2014/12/6, 80, 18, 23, 37, 2, 2
2014/12/7, 49, 19, 14, 38, 2, 2
2014/12/8, 47, 27, 21, 49, 5, 3
2014/12/9, 60, 27, 30, 52, 5, 2
2014/12/10, 57, 23, 28, 49, 4, 2
2014/12/11, 53, 20, 32, 47, 5, 2
2014/12/12, 52, 35, 6, 51, 5, 5
2014/12/13, 77, 25, 25, 37, 4, 3
2014/12/14, 60, 28, 22, 59, 7, 3
2014/12/15, 64, 34, 5, 54, 7, 5
2014/12/16, 79, 22, 19, 45, 6, 3
2014/12/17, 56, 18, 24, 42, 5, 2
2014/12/18, 48, 17, 26, 46, 3, 5
2014/12/19, 43, 17, 22, 43, 3, 6
2014/12/20, 46, 15, 27, 46, 3, 7
2014/12/21, 43, 18, 27, 45, 4, 6
2014/12/22, 48, 16, 32, 46, 4, 6
2014/12/23, 42, 11, 30, 32, 2, 5
2014/12/24, 34, 16, 21, 28, 1, 5
2014/12/25, 44, 18, 19, 38, 2, 7
2014/12/26, 55, 13, 25, 28, 3, 5
2014/12/27, 43, 27, 21, 29, 1, 5
2014/12/28, 54, , , , , 
2014/7/1, 49, 22, 28, 53, 6, 5
2014/7/2, 60, 22, 36, 64, 6, 5
2014/7/3, 64, 21, 35, 54, 6, 5
2014/7/4, 62, 7, 18, 8, 4, 4
2014/7/5, 31, 18, 24, 40, 4, 4
2014/7/6, 55, 14, 18, 36, 4, 4
2014/7/7, 46, 16, 16, 40, 4, 3
2014/7/8, 58, 19, 28, 30, 2, 2
2014/7/9, 58, 17, 21, 35, 2, 2
2014/7/10, 52, 17, 17, 41, 2, 3
2014/7/11, 58, 22, 38, 35, 3, 3
2014/7/12, 66, 15, 23, 26, 4, 3
2014/7/13, 50, 15, 28, 36, 3, 3
2014/7/14, 46, 17, 27, 36, 4, 3
2014/7/15, 52, 24, 29, 48, 4, 4
2014/7/16, 63, 21, 27, 44, 5, 3
2014/7/17, 53, 30, 45, 57, 4, 3
2014/7/18, 82, 23, 42, 44, 4, 3
2014/7/19, 68, 23, 32, 24, 3, 3
2014/7/20, 69, 20, 26, 24, 2, 3
2014/7/21, 64, 17, 22, 15, 2, 2
2014/7/22, 55, 20, 34, 23, 2, 2
2014/7/23, 59, 20, 35, 12, 3, 2
2014/7/24, 58, 20, 27, 26, 4, 3
2014/7/25, 62, 23, 43, 20, 4, 3
2014/7/26, 68, 17, 31, 21, 5, 2
2014/7/27, 55, 12, 25, 17, 5, 2
2014/7/28, 44, 12, 37, 15, 7, 2
2014/7/29, 42, 17, 34, 21, 8, 9
2014/7/30, 54, 23, 28, 40, 7, 4
2014/7/31, 67, 24, 30, 45, 5, 6
2014/8/1, 72, 19, 28, 32, 4, 5
2014/8/2, 61, 15, 31, 32, 3, 4
2014/8/3, 49, 19, 28, 38, 5, 5
2014/8/4, 57, 20, 28, 41, 5, 5
2014/8/5, 64, 19, 29, 38, 5, 5
2014/8/6, 60, 17, 28, 38, 4, 4
2014/8/7, 58, 25, 24, 43, 5, 5
2014/8/8, 76, 21, 24, 32, 5, 5
2014/8/9, 64, , , , , 
2014/8/11, 58, 20, 28, 43, 6, 5
2014/8/12, 56, 14, 19, 27, 7, 3
2014/8/13, 42, 16, 20, 38, 10, 5
2014/8/14, 52, 16, 19, 34, 12, 2
2014/8/15, 50, 14, 29, 33, 14, 2
2014/8/16, 47, 12, 28, 58, 4, 6
2014/8/17, 42, 12, 20, 31, 6, 2
2014/8/18, 42, 10, 23, 27, 2, 2
2014/8/19, 35, 14, 22, 29, 3, 2
2014/8/20, 41, 19, 23, 47, 5, 4
2014/8/21, 60, 13, 25, 33, 3, 2
2014/8/22, 40, 12, 27, 28, 2, 2
2014/8/23, 38, 16, 29, 39, 3, 3
2014/8/24, 53, 29, 19, 33, 4, 4
2014/8/25, 85, 17, 31, 28, 2, 2
2014/8/26, 50, 23, 21, 36, 1, 2
2014/8/27, 61, 15, 23, 23, , 2
2014/8/28, 47, 17, 18, 13, , 2
2014/8/29, 48, 10, 18, 10, 1, 
2014/8/30, 35, 13, 21, 20, 1, 5
2014/8/31, 45, 23, 5, 43, 3, 7
2014/9/1, 71, 20, 17, 31, 1, 4
2014/9/2, 59, 31, 26, 38, 1, 4
2014/9/3, 84, 33, 17, 37, 1, 4
2014/9/4, 86, 46, 26, 50, 1, 4
2014/9/5, 114, 51, 22, 43, 2, 5
2014/9/6, 136, 38, 25, 36, 3, 4
2014/9/7, 102, 31, 25, 44, 3, 5
2014/9/8, 79, 31, 19, 51, 1, 6
2014/9/9, 79, 25, 15, 43, 2, 7
2014/9/10, 66, 37, 13, 40, , 6
2014/9/11, 93, 29, 21, 43, 1, 6
2014/9/12, 72, 23, 27, 30, , 5
2014/9/13, 63, 22, 29, 23, , 5
2014/9/14, 63, 26, 19, 41, 1, 5
2014/9/15, 66, 48, 22, 40, 2, 6
2014/9/16, 120, 48, 29, 30, 1, 6
2014/9/17, 126, 50, 29, 38, 2, 8
2014/9/18, 130, 47, 14, 42, 3, 9
2014/9/19, 118, 41, 20, 33, 1, 7
2014/9/20, 97, 18, 26, 32, 3, 6
2014/9/21, 53, 35, 17, 35, 20, 6
2014/9/22, 92, 42, 15, 25, 14, 
2014/9/23, 119, 29, 20, 28, 4, 6
2014/9/24, 82, 33, 18, 48, 4, 6
2014/9/25, 67, 29, 16, 46, 4, 6
2014/9/26, 66, 26, 11, 38, 2, 4
2014/9/27, 64, 33, 18, 36, 2, 5
2014/9/28, 88, 47, 17, 49, 4, 7
2014/9/29, 112, 41, 26, 51, 3, 6
2014/9/30, 92, 34, 17, 36, 3, 5
2014/4/1, 105, 63, 12, 48, 5, 4
2014/4/2, 144, 61, 11, 31, 2, 4
2014/4/3, 133, 38, 25, 38, 7, 5
2014/4/4, 99, 21, 23, 29, 4, 2
2014/4/5, 57, 15, 22, 19, 4, 1
2014/4/6, 49, 17, 23, 29, 5, 2
2014/4/7, 48, 17, 32, 33, 4, 2
2014/4/8, 42, 28, 25, 43, 6, 3
2014/4/9, 64, 23, 25, 40, 5, 3
2014/4/10, 55, 26, 27, 51, 3, 4
2014/4/11, 61, 31, 27, 40, 4, 7
2014/4/12, 71, 20, 31, 25, 3, 4
2014/4/13, 52, 21, 28, 37, 2, 3
2014/4/14, 55, 20, 25, 36, 2, 5
2014/4/15, 48, 31, 33, 56, 4, 9
2014/4/16, 64, 36, 29, 51, 5, 8
2014/4/17, 78, 19, 32, 30, 1, 7
2014/4/18, 44, 19, 32, 24, 1, 7
2014/4/19, 49, 49, 28, 24, 2, 9
2014/4/20, 117, 42, 25, 38, 3, 9
2014/4/21, 107, 34, 27, 48, 6, 10
2014/4/22, 78, 28, 27, 52, 5, 9
2014/4/23, 70, 25, 22, 51, 5, 10
2014/4/24, 66, 36, 21, 43, 4, 9
2014/4/25, 87, 23, 32, 42, 4, 9
2014/4/26, 57, 19, 25, 37, 4, 8
2014/4/27, 50, 34, 25, 41, 3, 8
2014/4/28, 83, 42, 25, 48, 4, 9
2014/4/29, 104, 40, 36, 63, 6, 9
2014/4/30, 101, 32, 25, 57, 6, 6
2014/5/1, 83, 25, 30, 45, 1, 3
2014/5/2, 66, 18, 35, 38, 2, 3
2014/5/3, 49, 24, 41, 51, 3, 5
2014/5/4, 64, 30, 47, 53, 3, 5
2014/5/5, 75, 25, 34, 56, 6, 6
2014/5/6, 62, 22, 28, 55, 6, 5
2014/5/7, 56, 22, 28, 51, 6, 6
2014/5/8, 57, 24, 30, 46, 5, 4
2014/5/9, 59, 19, 27, 37, 4, 3
2014/5/10, 53, 19, 29, 39, 3, 3
2014/5/11, 46, 18, 27, 43, 5, 4
2014/5/12, 49, 19, 20, 46, 4, 3
2014/5/13, 57, 16, 28, 46, 2, 2
2014/5/14, 54, 26, 28, 44, 3, 3
2014/5/15, 70, 27, 27, 43, 3, 3
2014/5/16, 77, 27, 31, 26, 1, 
2014/5/17, 72, 27, 49, 44, 3, 4
2014/5/18, 73, 38, 41, 54, 4, 4
2014/5/19, 98, 28, 38, 57, 5, 5
2014/5/20, 77, 21, 27, 46, 4, 3
2014/5/21, 62, 18, 32, 45, 5, 4
2014/5/22, 57, 20, 32, 46, 4, 2
2014/5/23, 57, 19, 26, 41, 4, 
2014/5/24, 56, 16, 29, 30, 3, 
2014/5/25, 48, 16, 15, 39, 2, 
2014/5/26, 46, 17, 21, 40, 2, 3
2014/5/27, 48, 39, 21, 30, 4, 4
2014/5/28, 48, 22, 18, 38, 4, 4
2014/5/29, 67, 22, 24, 31, 2, 3
2014/5/30, 59, 19, 35, 41, 2, 3
2014/5/31, 57, 24, 29, 33, 3, 3
2014/6/1, 69, 22, 28, 48, 5, 4
2014/6/2, 66, 21, 20, 43, 6, 5
2014/6/3, 68, 20, 23, 47, 7, 4
2014/6/4, 60, 11, 22, 16, 3, 3
2014/6/5, 34, 20, 34, 48, 5, 4
2014/6/6, 56, 23, 36, 40, 5, 4
2014/6/7, 71, 15, 36, 41, 4, 4
2014/6/8, 57, 20, 34, 46, 5, 5
2014/6/9, 68, 16, 30, 44, 6, 5
2014/6/10, 61, 18, 28, 38, 4, 3
2014/6/11, 55, 22, 33, 42, 3, 3
2014/6/12, 61, 24, 36, 41, 4, 3
2014/6/13, 62, 17, 28, 29, 4, 3
2014/6/14, 54, 10, 26, 21, 2, 2
2014/6/15, 32, 13, 22, 31, 4, 2
2014/6/16, 39, 18, 29, 28, 4, 2
2014/6/17, 44, 12, 17, 34, 3, 2
2014/6/18, 38, 21, 11, 33, 3, 4
2014/6/19, 62, 16, 25, 38, 3, 3
2014/6/20, 46, 17, 33, 35, 3, 3
2014/6/21, 52, 20, 28, 38, 3, 4
2014/6/22, 56, 19, 25, 46, 4, 4
2014/6/23, 77, 22, 28, 38, 3, 3
2014/6/24, 66, 12, 28, 38, 2, 3
2014/6/25, 36, 18, 28, 44, 3, 4
2014/6/26, 48, 25, 24, 48, 5, 5
2014/6/27, 67, 16, 16, 33, 5, 4
2014/6/28, 45, 11, 24, 21, 3, 2
2014/6/29, 32, 18, 27, 44, 4, 4
2014/6/30, 49, 16, 29, 48, 4, 3
2014/1/1, 37, 20, 26, 29, 11, 5
2014/1/2, 46, 27, 31, 28, 3, 5
2014/1/3, 49, 18, 27, 27, 3, 5
2014/1/4, 48, 15, 24, 27, 3, 5
2014/1/5, 44, 23, 28, 27, 3, 4
2014/1/6, 42, 30, 28, 28, 2, 6
2014/1/7, 42, 24, 22, 31, 4, 6
2014/1/8, 36, 21, 24, 31, 3, 6
2014/1/9, 50, 27, 15, 45, 6, 8
2014/1/10, 61, 40, 2, 63, 4, 9
2014/1/11, 106, 34, 12, 38, 4, 9
2014/1/12, 90, 23, 24, 38, 5, 7
2014/1/13, 53, 26, 15, 38, 5, 7
2014/1/14, 58, 23, 23, 34, 3, 6
2014/1/15, 50, 24, 25, 31, 5, 5
2014/1/16, 53, 22, 28, 38, 5, 4
2014/1/17, 56, 20, 14, 32, 2, 2
2014/1/18, 53, 23, 18, 31, 4, 3
2014/1/19, 59, 40, 2, 60, 7, 7
2014/1/20, 99, 46, 16, 53, 8, 8
2014/1/21, 109, 29, 16, 39, 5, 4
2014/1/22, 65, 24, 17, 37, 4, 4
2014/1/23, 63, 29, 13, 47, 4, 4
2014/1/24, 66, 22, 26, 28, 3, 3
2014/1/25, 56, 20, 25, 30, 3, 4
2014/1/26, 49, 24, 25, 42, 6, 5
2014/1/27, 55, 21, 22, 41, 4, 4
2014/1/28, 50, 19, 17, 41, 2, 8
2014/1/29, 53, 28, 4, 45, 4, 15
2014/1/30, 79, 22, 17, 40, 5, 7
2014/1/31, 63, 13, 21, 27, 3, 4
2014/2/1, 26, 19, 21, 29, 3, 5
2014/2/2, 38, 19, 16, 31, 2, 4
2014/2/3, 48, 21, 25, 38, 4, 6
2014/2/4, 52, 24, 29, 35, 4, 6
2014/2/5, 53, 23, 28, 42, 5, 7
2014/2/6, 60, 20, 28, 35, 5, 7
2014/2/7, 54, 19, 30, 22, 3, 5
2014/2/8, 46, 20, 30, 24, 3, 5
2014/2/9, 45, 22, 17, 43, 5, 6
2014/2/10, 54, 21, 24, 43, 5, 7
2014/2/11, 56, 20, 26, 34, 7, 3
2014/2/12, 51, 23, 26, 44, 6, 3
2014/2/13, 52, 20, 31, 39, 4, 4
2014/2/14, 49, 21, 31, 32, 4, 6
2014/2/15, 52, 25, 20, 40, 4, 5
2014/2/16, 62, 26, 19, 41, 5, 3
2014/2/17, 64, 29, 19, 43, 6, 5
2014/2/18, 73, 29, 19, 34, 4, 3
2014/2/19, 76, 17, 21, 23, 3, 1
2014/2/20, 51, 24, 25, 40, 5, 3
2014/2/21, 59, 23, 24, 46, 4, 4
2014/2/22, 53, 19, 29, 32, 3, 3
2014/2/23, 47, 25, 27, 44, 5, 3
2014/2/24, 65, 23, 30, 52, 5, 4
2014/2/25, 56, 29, 13, 55, 7, 8
2014/2/26, 64, 25, 21, 51, 6, 2
2014/2/27, 59, 18, 15, 50, 6, 1
2014/2/28, 52, 32, 15, 40, 7, 2
2014/3/1, 79, 20, 26, 32, 7, 1
2014/3/2, 52, 18, 22, 55, 8, 2
2014/3/3, 51, 36, 11, 64, 9, 4
2014/3/4, 85, 45, 14, 62, 8, 5
2014/3/5, 98, 34, 27, 49, 5, 5
2014/3/6, 76, 29, 18, 47, 5, 6
2014/3/7, 69, , 24, 21, 1, 
2014/3/9, 94, 32, 27, 42, 2, 3
2014/3/10, 77, 29, 26, 25, , 2
2014/3/11, 61, 47, 9, 39, 3, 4
2014/3/12, 109, 63, 17, 50, 3, 4
2014/3/13, 151, 69, 19, 58, 7, 4
2014/3/14, 160, 25, 29, 26, 3, 1
2014/3/15, 65, 21, 31, 28, 4, 1
2014/3/16, 57, 32, 17, 38, 6, 2
2014/3/17, 78, 26, 25, 37, 6, 2
2014/3/18, 63, 33, 24, 44, 6, 5
2014/3/19, 70, 32, 32, 34, 4, 3
2014/3/20, 69, 25, 30, 47, 6, 7
2014/3/21, 57, 16, 33, 28, 4, 7
2014/3/22, 38, 15, 31, 27, 3, 6
2014/3/23, 38, 22, 28, 45, 4, 7
2014/3/24, 58, 25, 26, 47, 3, 4
2014/3/25, 65, 26, 21, 48, 3, 3
2014/3/26, 68, 34, 19, 48, 4, 2
2014/3/27, 86, 54, 15, 45, 4, 3
2014/3/28, 137, 52, 31, 38, 4, 3
2014/3/29, 132, 45, 29, 44, 4, 4
2014/3/30, 113, 34, 27, 49, 4, 3
2014/3/31, 82, 45, 17, 50, 6, 4
2020/3/31, , 18, 31, 22, 4, 5
2019/12/31, , 41, 10, 30, 1, 6
2018/12/31, , 15, 23, 21, , 7
2017/9/7, , 5, 19, 13, 2, 4
2015/12/31, , 27, 17, 38, 6, 4
2015/4/8, , 59, 23, 64, 3, 4
2014/12/31, , 28, 24, 19, 3, 3
2014/8/10, , 19, 21, 42, 6, 6
2013/12/31, , 16, 29, 23, 6, 4
2014/3/8, , 42, 28, 29, 2, 5